<?xml version = '1.0' encoding = 'UTF-8'?>
<Relation class="oracle.dbtools.crest.model.design.logical.Relation" name="drivertruck_collection" directorySegmentName="seg_0" id="0A1906BC-778B-0D95-E1F2-4AA8D532DDDD">
<createdBy>kabil</createdBy>
<createdTime>2023-04-30 05:55:18 UTC</createdTime>
<ownerDesignName>cui_oraclemodel</ownerDesignName>
<engineerTo>
<item key="9795E7F4-909A-5993-6D59-A8BF3C7ED067" value="true"/>
</engineerTo>
<sourcePk>9B064E46-95B0-ABF4-EFE1-A9C4F2B66F0B</sourcePk>
<identifying>false</identifying>
<nameOnSource>conducts</nameOnSource>
<nameOnTarget> </nameOnTarget>
<optionalSource>true</optionalSource>
<optionalTarget>false</optionalTarget>
<sourceCardinality>1</sourceCardinality>
<sourceEntity>C7862ACC-FAFE-2AB4-B556-ECD9A7A82F46</sourceEntity>
<targetCardinalityString>*</targetCardinalityString>
<targetEntity>1187EEC6-0CB3-72CE-E554-A12DFDEFA4C5</targetEntity>
<transferable>true</transferable>
<deleteRule>NO ACTION</deleteRule>
</Relation>
