<?xml version = '1.0' encoding = 'UTF-8'?>
<Relation class="oracle.dbtools.crest.model.design.logical.Relation" name="wastetype_bintype" directorySegmentName="seg_0" id="0DA1F09E-E48F-FF93-F6B2-D8E06C63FC0E">
<createdBy>lzhau</createdBy>
<createdTime>2023-04-27 06:52:42 UTC</createdTime>
<ownerDesignName>cui_oraclemodel</ownerDesignName>
<engineerTo>
<item key="9795E7F4-909A-5993-6D59-A8BF3C7ED067" value="true"/>
</engineerTo>
<sourcePk>CC67FC16-F456-544C-6C3E-720D333FB257</sourcePk>
<identifying>true</identifying>
<nameOnSource>of</nameOnSource>
<nameOnTarget> </nameOnTarget>
<optionalSource>false</optionalSource>
<optionalTarget>false</optionalTarget>
<sourceCardinality>1</sourceCardinality>
<sourceEntity>73550790-6C09-C6B5-CFA5-CEE514692901</sourceEntity>
<targetCardinalityString>*</targetCardinalityString>
<targetEntity>C787188C-CDF1-3EDB-3497-091EF5405E77</targetEntity>
<transferable>true</transferable>
<deleteRule>NO ACTION</deleteRule>
</Relation>
