<?xml version = '1.0' encoding = 'UTF-8'?>
<Relation class="oracle.dbtools.crest.model.design.logical.Relation" name="property_owner" directorySegmentName="seg_0" id="20F5A63D-98ED-9E0E-E57B-E7D112858A3A">
<createdBy>lzhau</createdBy>
<createdTime>2023-04-27 06:42:57 UTC</createdTime>
<ownerDesignName>cui_oraclemodel</ownerDesignName>
<engineerTo>
<item key="9795E7F4-909A-5993-6D59-A8BF3C7ED067" value="true"/>
</engineerTo>
<sourcePk>BCB45D63-71BC-68A9-AE69-01827E07E639</sourcePk>
<identifying>false</identifying>
<nameOnSource> </nameOnSource>
<nameOnTarget>owns</nameOnTarget>
<optionalSource>false</optionalSource>
<optionalTarget>false</optionalTarget>
<sourceCardinality>1</sourceCardinality>
<sourceEntity>54D28FEC-AC84-04D1-894A-CA81121398DC</sourceEntity>
<targetCardinalityString>*</targetCardinalityString>
<targetEntity>4006B651-F47C-F4C6-8842-3D9F4AC82DA6</targetEntity>
<transferable>true</transferable>
<deleteRule>NO ACTION</deleteRule>
</Relation>
