<?xml version = '1.0' encoding = 'UTF-8'?>
<Relation class="oracle.dbtools.crest.model.design.logical.Relation" name="contract_contractpricing" directorySegmentName="seg_0" id="9E85DA1E-DEFC-F65B-0B49-F3F7B4CA0B50">
<createdBy>lzhau</createdBy>
<createdTime>2023-04-27 07:00:25 UTC</createdTime>
<ownerDesignName>cui_oraclemodel</ownerDesignName>
<engineerTo>
<item key="9795E7F4-909A-5993-6D59-A8BF3C7ED067" value="true"/>
</engineerTo>
<sourcePk>91827DD1-AA3F-CD12-D7EA-CE679EB68C44</sourcePk>
<identifying>true</identifying>
<nameOnSource>contains</nameOnSource>
<nameOnTarget> </nameOnTarget>
<optionalSource>false</optionalSource>
<optionalTarget>false</optionalTarget>
<sourceCardinality>1</sourceCardinality>
<sourceEntity>E5287D58-38F6-6148-9A7A-BCE167714638</sourceEntity>
<targetCardinalityString>*</targetCardinalityString>
<targetEntity>CEF05629-D13D-EFA0-38F9-83A100FADE15</targetEntity>
<transferable>true</transferable>
<deleteRule>NO ACTION</deleteRule>
</Relation>
