<?xml version = '1.0' encoding = 'UTF-8'?>
<Relation class="oracle.dbtools.crest.model.design.logical.Relation" name="contractpricing_bin" directorySegmentName="seg_0" id="A4A8D1B1-CF17-2790-D836-52A5F201C4E8">
<createdBy>lzhau</createdBy>
<createdTime>2023-05-02 03:21:22 UTC</createdTime>
<ownerDesignName>cui_oraclemodel</ownerDesignName>
<engineerTo>
<item key="9795E7F4-909A-5993-6D59-A8BF3C7ED067" value="true"/>
</engineerTo>
<sourcePk>9398E488-7274-26C3-3551-FCA04A91EEFF</sourcePk>
<identifying>false</identifying>
<nameOnSource>supplies</nameOnSource>
<nameOnTarget> </nameOnTarget>
<optionalSource>true</optionalSource>
<optionalTarget>false</optionalTarget>
<sourceCardinality>1</sourceCardinality>
<sourceEntity>CEF05629-D13D-EFA0-38F9-83A100FADE15</sourceEntity>
<targetCardinalityString>*</targetCardinalityString>
<targetEntity>87CD36F0-8C22-3BE2-35B8-88985E10F1B7</targetEntity>
<transferable>true</transferable>
<deleteRule>NO ACTION</deleteRule>
</Relation>
