<?xml version = '1.0' encoding = 'UTF-8'?>
<Relation class="oracle.dbtools.crest.model.design.logical.Relation" name="localauthority_contract" directorySegmentName="seg_0" id="E9AC48A1-3A68-BFC5-34CE-DA79AADC19CF">
<createdBy>lzhau</createdBy>
<createdTime>2023-04-27 07:03:39 UTC</createdTime>
<ownerDesignName>cui_oraclemodel</ownerDesignName>
<engineerTo>
<item key="9795E7F4-909A-5993-6D59-A8BF3C7ED067" value="true"/>
</engineerTo>
<sourcePk>FF4B3258-EE35-E975-F599-B75383DFB895</sourcePk>
<identifying>false</identifying>
<nameOnSource>signs</nameOnSource>
<nameOnTarget>  </nameOnTarget>
<optionalSource>true</optionalSource>
<optionalTarget>false</optionalTarget>
<sourceCardinality>1</sourceCardinality>
<sourceEntity>9E380116-5788-02AD-AD5E-F009E9F82862</sourceEntity>
<targetCardinalityString>*</targetCardinalityString>
<targetEntity>E5287D58-38F6-6148-9A7A-BCE167714638</targetEntity>
<transferable>true</transferable>
<deleteRule>NO ACTION</deleteRule>
</Relation>
