<?xml version = '1.0' encoding = 'UTF-8'?>
<Entity class="oracle.dbtools.crest.model.design.logical.Entity" directorySegmentName="seg_0" id="1187EEC6-0CB3-72CE-E554-A12DFDEFA4C5" name="COLLECTION">
<createdBy>kabil</createdBy>
<createdTime>2023-04-30 05:41:52 UTC</createdTime>
<ownerDesignName>cui_oraclemodel</ownerDesignName>
<engineerTo>
<item key="9795E7F4-909A-5993-6D59-A8BF3C7ED067" value="true"/>
</engineerTo>
<adequatelyNormalized>NO</adequatelyNormalized>
<expectedVolumes>0</expectedVolumes>
<fwdEngineeringStrategyName>Single Table</fwdEngineeringStrategyName>
<growthPercent>0</growthPercent>
<growthType>Year</growthType>
<maxVolumes>9999999</maxVolumes>
<minVolumes>0</minVolumes>
<normalForm>Third</normalForm>
<attributes itemClass="oracle.dbtools.crest.model.design.logical.Attribute">
<Attribute name="collection_id" id="9FB2D367-BA98-128F-7516-607B337CCAE4">
<createdBy>kabil</createdBy>
<createdTime>2023-04-30 06:02:04 UTC</createdTime>
<commentInRDBMS><![CDATA[collection id number (surrogate PK)]]></commentInRDBMS>
<ownerDesignName>cui_oraclemodel</ownerDesignName>
<engineerTo>
<item key="9795E7F4-909A-5993-6D59-A8BF3C7ED067" value="true"/>
</engineerTo>
<useDomainConstraints>false</useDomainConstraints>
<use>1</use>
<logicalDatatype>LOGDT019</logicalDatatype>
<dataTypePrecision>7</dataTypePrecision>
<ownDataTypeParameters>,7,</ownDataTypeParameters>
</Attribute>
<Attribute name="contract_no" id="E423AF5F-5493-5AD8-83B7-B2C712AD1883">
<createdBy>kabil</createdBy>
<createdTime>2023-04-30 05:57:07 UTC</createdTime>
<commentInRDBMS><![CDATA[contract number]]></commentInRDBMS>
<generatorID>A50C904A-7176-012B-6DA3-6F4DBE5AA126</generatorID>
<ownerDesignName>cui_oraclemodel</ownerDesignName>
<engineerTo>
<item key="9795E7F4-909A-5993-6D59-A8BF3C7ED067" value="true"/>
</engineerTo>
<referedAttribute>42C1916B-5A7B-4E4E-AF13-63DEF55D4302</referedAttribute>
<useDomainConstraints>false</useDomainConstraints>
<use>1</use>
<logicalDatatype>LOGDT019</logicalDatatype>
<dataTypePrecision>7</dataTypePrecision>
<ownDataTypeParameters>,7,</ownDataTypeParameters>
</Attribute>
<Attribute name="wt_id" id="302E3280-F5C2-1E09-6B43-32B0186B034D">
<createdBy>kabil</createdBy>
<createdTime>2023-04-30 05:57:07 UTC</createdTime>
<commentInRDBMS><![CDATA[waste type id]]></commentInRDBMS>
<generatorID>A50C904A-7176-012B-6DA3-6F4DBE5AA126</generatorID>
<ownerDesignName>cui_oraclemodel</ownerDesignName>
<engineerTo>
<item key="9795E7F4-909A-5993-6D59-A8BF3C7ED067" value="true"/>
</engineerTo>
<referedAttribute>16FB7E1B-A1E8-1E3A-F03C-5A3D0D877E7E</referedAttribute>
<useDomainConstraints>false</useDomainConstraints>
<use>1</use>
<logicalDatatype>LOGDT025</logicalDatatype>
<dataTypeSize>2</dataTypeSize>
<ownDataTypeParameters>2,,</ownDataTypeParameters>
</Attribute>
<Attribute name="collection_date" id="3004F03A-F850-3F61-07DB-22A720596B04">
<createdBy>kabil</createdBy>
<createdTime>2023-04-30 05:42:09 UTC</createdTime>
<commentInRDBMS><![CDATA[The date that a collection has occured]]></commentInRDBMS>
<ownerDesignName>cui_oraclemodel</ownerDesignName>
<engineerTo>
<item key="9795E7F4-909A-5993-6D59-A8BF3C7ED067" value="true"/>
</engineerTo>
<useDomainConstraints>false</useDomainConstraints>
<use>1</use>
<logicalDatatype>LOGDT007</logicalDatatype>
<ownDataTypeParameters>,,</ownDataTypeParameters>
</Attribute>
<Attribute name="driver_no" id="76346A15-333D-A9BB-5FF8-C561D45B09FF">
<createdBy>kabil</createdBy>
<createdTime>2023-04-30 05:56:14 UTC</createdTime>
<commentInRDBMS><![CDATA[The driver number]]></commentInRDBMS>
<generatorID>0A1906BC-778B-0D95-E1F2-4AA8D532DDDD</generatorID>
<ownerDesignName>cui_oraclemodel</ownerDesignName>
<engineerTo>
<item key="9795E7F4-909A-5993-6D59-A8BF3C7ED067" value="true"/>
</engineerTo>
<referedAttribute>805B494A-FF9E-5EDD-6874-0B3D23C55F63</referedAttribute>
<useDomainConstraints>false</useDomainConstraints>
<use>1</use>
<logicalDatatype>LOGDT019</logicalDatatype>
<dataTypePrecision>7</dataTypePrecision>
<ownDataTypeParameters>,7,</ownDataTypeParameters>
</Attribute>
<Attribute name="truck_vin" id="6F6473E7-EAF7-1EF9-E365-87F3E94DA5F4">
<createdBy>kabil</createdBy>
<createdTime>2023-04-30 05:56:14 UTC</createdTime>
<commentInRDBMS><![CDATA[truck VIN]]></commentInRDBMS>
<generatorID>0A1906BC-778B-0D95-E1F2-4AA8D532DDDD</generatorID>
<ownerDesignName>cui_oraclemodel</ownerDesignName>
<engineerTo>
<item key="9795E7F4-909A-5993-6D59-A8BF3C7ED067" value="true"/>
</engineerTo>
<referedAttribute>8C0A4092-9A28-FFF7-D72D-2A6152B584E0</referedAttribute>
<useDomainConstraints>false</useDomainConstraints>
<use>1</use>
<logicalDatatype>LOGDT025</logicalDatatype>
<dataTypeSize>17</dataTypeSize>
<ownDataTypeParameters>17,,</ownDataTypeParameters>
</Attribute>
</attributes>
<identifiers itemClass="oracle.dbtools.crest.model.design.logical.CandidateKey">
<identifier id="B90818D4-77AC-B233-17EC-459804DC220D" name="COLLECTION PK">
<createdBy>kabil</createdBy>
<createdTime>2023-04-30 05:42:34 UTC</createdTime>
<ownerDesignName>cui_oraclemodel</ownerDesignName>
<engineerTo>
<item key="9795E7F4-909A-5993-6D59-A8BF3C7ED067" value="true"/>
</engineerTo>
<pk>true</pk>
<usedAttributes>
<attributeRef>9FB2D367-BA98-128F-7516-607B337CCAE4</attributeRef>
</usedAttributes>
</identifier>
<identifier id="9FBB49F1-A520-4721-37AD-F87FA54DD7FE" name="COLLECTION NK">
<createdBy>kabil</createdBy>
<createdTime>2023-04-30 06:05:40 UTC</createdTime>
<ownerDesignName>cui_oraclemodel</ownerDesignName>
<engineerTo>
<item key="9795E7F4-909A-5993-6D59-A8BF3C7ED067" value="true"/>
</engineerTo>
<newElementsIDs>E423AF5F-5493-5AD8-83B7-B2C712AD1883,302E3280-F5C2-1E09-6B43-32B0186B034D,3004F03A-F850-3F61-07DB-22A720596B04</newElementsIDs>
<usedAttributes>
<attributeRef>E423AF5F-5493-5AD8-83B7-B2C712AD1883</attributeRef>
<attributeRef>302E3280-F5C2-1E09-6B43-32B0186B034D</attributeRef>
<attributeRef>3004F03A-F850-3F61-07DB-22A720596B04</attributeRef>
</usedAttributes>
</identifier>
</identifiers>
</Entity>
