<?xml version = '1.0' encoding = 'UTF-8'?>
<Entity class="oracle.dbtools.crest.model.design.logical.Entity" directorySegmentName="seg_0" id="1D6CE21C-5315-C7CA-C19C-EA537F084182" name="TRUCK">
<createdBy>kabil</createdBy>
<createdTime>2023-04-30 05:49:03 UTC</createdTime>
<ownerDesignName>cui_oraclemodel</ownerDesignName>
<engineerTo>
<item key="9795E7F4-909A-5993-6D59-A8BF3C7ED067" value="true"/>
</engineerTo>
<adequatelyNormalized>NO</adequatelyNormalized>
<expectedVolumes>0</expectedVolumes>
<fwdEngineeringStrategyName>Single Table</fwdEngineeringStrategyName>
<growthPercent>0</growthPercent>
<growthType>Year</growthType>
<maxVolumes>9999999</maxVolumes>
<minVolumes>0</minVolumes>
<normalForm>Third</normalForm>
<attributes itemClass="oracle.dbtools.crest.model.design.logical.Attribute">
<Attribute name="truck_vin" id="6B143FB2-6D02-EAA0-E089-181CB8CA5143">
<createdBy>kabil</createdBy>
<createdTime>2023-04-30 05:49:13 UTC</createdTime>
<commentInRDBMS><![CDATA[truck VIN]]></commentInRDBMS>
<ownerDesignName>cui_oraclemodel</ownerDesignName>
<engineerTo>
<item key="9795E7F4-909A-5993-6D59-A8BF3C7ED067" value="true"/>
</engineerTo>
<useDomainConstraints>false</useDomainConstraints>
<use>1</use>
<logicalDatatype>LOGDT025</logicalDatatype>
<dataTypeSize>17</dataTypeSize>
<ownDataTypeParameters>17,,</ownDataTypeParameters>
</Attribute>
<Attribute name="truck_rego" id="F6FB43BA-E8BB-4E39-CCC9-9ACFDB3D6957">
<createdBy>kabil</createdBy>
<createdTime>2023-04-30 05:50:32 UTC</createdTime>
<commentInRDBMS><![CDATA[truck registration number]]></commentInRDBMS>
<ownerDesignName>cui_oraclemodel</ownerDesignName>
<engineerTo>
<item key="9795E7F4-909A-5993-6D59-A8BF3C7ED067" value="true"/>
</engineerTo>
<useDomainConstraints>false</useDomainConstraints>
<use>1</use>
<logicalDatatype>LOGDT025</logicalDatatype>
<dataTypeSize>9</dataTypeSize>
<ownDataTypeParameters>9,,</ownDataTypeParameters>
</Attribute>
<Attribute name="truck_make" id="A1A29F35-D94E-35A0-8EEC-909130DE5DF4">
<createdBy>kabil</createdBy>
<createdTime>2023-04-30 05:50:59 UTC</createdTime>
<commentInRDBMS><![CDATA[truck make]]></commentInRDBMS>
<ownerDesignName>cui_oraclemodel</ownerDesignName>
<engineerTo>
<item key="9795E7F4-909A-5993-6D59-A8BF3C7ED067" value="true"/>
</engineerTo>
<useDomainConstraints>false</useDomainConstraints>
<use>1</use>
<logicalDatatype>LOGDT024</logicalDatatype>
<dataTypeSize>30</dataTypeSize>
<ownDataTypeParameters>30,,</ownDataTypeParameters>
</Attribute>
<Attribute name="truck_model" id="6619F322-C2E8-F5D5-68D3-C15BB6F8126F">
<createdBy>kabil</createdBy>
<createdTime>2023-04-30 05:51:36 UTC</createdTime>
<commentInRDBMS><![CDATA[truck model]]></commentInRDBMS>
<ownerDesignName>cui_oraclemodel</ownerDesignName>
<engineerTo>
<item key="9795E7F4-909A-5993-6D59-A8BF3C7ED067" value="true"/>
</engineerTo>
<useDomainConstraints>false</useDomainConstraints>
<use>1</use>
<logicalDatatype>LOGDT024</logicalDatatype>
<dataTypeSize>50</dataTypeSize>
<ownDataTypeParameters>50,,</ownDataTypeParameters>
</Attribute>
<Attribute name="truck_year" id="F247896A-E801-A534-F92A-9CA34009E003">
<createdBy>kabil</createdBy>
<createdTime>2023-04-30 05:51:55 UTC</createdTime>
<commentInRDBMS><![CDATA[truck year of manufacture]]></commentInRDBMS>
<ownerDesignName>cui_oraclemodel</ownerDesignName>
<engineerTo>
<item key="9795E7F4-909A-5993-6D59-A8BF3C7ED067" value="true"/>
</engineerTo>
<useDomainConstraints>false</useDomainConstraints>
<use>1</use>
<logicalDatatype>LOGDT019</logicalDatatype>
<dataTypePrecision>4</dataTypePrecision>
<ownDataTypeParameters>,4,</ownDataTypeParameters>
</Attribute>
</attributes>
<identifiers itemClass="oracle.dbtools.crest.model.design.logical.CandidateKey">
<identifier id="72CAF36E-2D47-9578-C9D6-29CA303E87BC" name="TRUCK PK">
<createdBy>kabil</createdBy>
<createdTime>2023-04-30 05:49:23 UTC</createdTime>
<ownerDesignName>cui_oraclemodel</ownerDesignName>
<engineerTo>
<item key="9795E7F4-909A-5993-6D59-A8BF3C7ED067" value="true"/>
</engineerTo>
<pk>true</pk>
<usedAttributes>
<attributeRef>6B143FB2-6D02-EAA0-E089-181CB8CA5143</attributeRef>
</usedAttributes>
</identifier>
</identifiers>
</Entity>
