<?xml version = '1.0' encoding = 'UTF-8'?>
<Entity class="oracle.dbtools.crest.model.design.logical.Entity" directorySegmentName="seg_0" id="52080582-F4E4-E454-E32C-A5207D889C66" name="BIN_COLLECTED">
<createdBy>kabil</createdBy>
<createdTime>2023-04-30 05:29:51 UTC</createdTime>
<ownerDesignName>cui_oraclemodel</ownerDesignName>
<engineerTo>
<item key="9795E7F4-909A-5993-6D59-A8BF3C7ED067" value="true"/>
</engineerTo>
<adequatelyNormalized>NO</adequatelyNormalized>
<expectedVolumes>0</expectedVolumes>
<fwdEngineeringStrategyName>Single Table</fwdEngineeringStrategyName>
<growthPercent>0</growthPercent>
<growthType>Year</growthType>
<maxVolumes>9999999</maxVolumes>
<minVolumes>0</minVolumes>
<normalForm>Third</normalForm>
<attributes itemClass="oracle.dbtools.crest.model.design.logical.Attribute">
<Attribute name="collection_id" id="6959376B-BD83-28AF-DC1E-C48777786FC0">
<createdBy>kabil</createdBy>
<createdTime>2023-04-30 06:02:14 UTC</createdTime>
<commentInRDBMS><![CDATA[collection id number (surrogate PK)]]></commentInRDBMS>
<generatorID>4635AC26-6AF4-4397-0F39-8FBF0972DC7E</generatorID>
<ownerDesignName>cui_oraclemodel</ownerDesignName>
<engineerTo>
<item key="9795E7F4-909A-5993-6D59-A8BF3C7ED067" value="true"/>
</engineerTo>
<referedAttribute>9FB2D367-BA98-128F-7516-607B337CCAE4</referedAttribute>
<useDomainConstraints>false</useDomainConstraints>
<use>1</use>
<logicalDatatype>LOGDT019</logicalDatatype>
<dataTypePrecision>7</dataTypePrecision>
<ownDataTypeParameters>,,</ownDataTypeParameters>
</Attribute>
<Attribute name="bin_rfid" id="560E4455-357C-E5AA-A6F8-9A250149F1A7">
<createdBy>kabil</createdBy>
<createdTime>2023-04-30 05:37:36 UTC</createdTime>
<commentInRDBMS><![CDATA[bin RFID as 16 characters hexadecimal number]]></commentInRDBMS>
<generatorID>4983FC2D-335D-E054-8FC8-577F7924E0ED</generatorID>
<ownerDesignName>cui_oraclemodel</ownerDesignName>
<engineerTo>
<item key="9795E7F4-909A-5993-6D59-A8BF3C7ED067" value="true"/>
</engineerTo>
<referedAttribute>F3358A67-8F13-3DFE-2655-74E39E991620</referedAttribute>
<useDomainConstraints>false</useDomainConstraints>
<use>1</use>
<logicalDatatype>LOGDT025</logicalDatatype>
<dataTypeSize>16</dataTypeSize>
<ownDataTypeParameters>16,,</ownDataTypeParameters>
</Attribute>
<Attribute name="bc_weight" id="B883FE7B-304B-2CC3-AA52-649E8F36102D">
<createdBy>kabil</createdBy>
<createdTime>2023-04-30 05:32:56 UTC</createdTime>
<commentInRDBMS><![CDATA[binn collected weight in kilograms, is not manditory]]></commentInRDBMS>
<ownerDesignName>cui_oraclemodel</ownerDesignName>
<engineerTo>
<item key="9795E7F4-909A-5993-6D59-A8BF3C7ED067" value="true"/>
</engineerTo>
<nullsAllowed>true</nullsAllowed>
<useDomainConstraints>false</useDomainConstraints>
<use>1</use>
<logicalDatatype>LOGDT019</logicalDatatype>
<dataTypePrecision>5</dataTypePrecision>
<ownDataTypeParameters>,5,</ownDataTypeParameters>
</Attribute>
<Attribute name="bc_overweight" id="2FED6DAB-0DA9-5048-57D9-01108290CA3D">
<createdBy>kabil</createdBy>
<createdTime>2023-04-30 05:34:15 UTC</createdTime>
<commentInRDBMS><![CDATA[bin collected overweight (Y - Yes, N - No)]]></commentInRDBMS>
<ownerDesignName>cui_oraclemodel</ownerDesignName>
<engineerTo>
<item key="9795E7F4-909A-5993-6D59-A8BF3C7ED067" value="true"/>
</engineerTo>
<constraintName>chk_bcoverweight</constraintName>
<useDomainConstraints>false</useDomainConstraints>
<use>1</use>
<logicalDatatype>LOGDT025</logicalDatatype>
<dataTypeSize>1 CHAR</dataTypeSize>
<listOfValues>
<valueDef value="N" description="No"/>
<valueDef value="Y" description="Yes"/>
</listOfValues>
<ownDataTypeParameters>1 CHAR,,</ownDataTypeParameters>
</Attribute>
</attributes>
<identifiers itemClass="oracle.dbtools.crest.model.design.logical.CandidateKey">
<identifier id="57651D45-31C7-D752-871E-C2D61EA5E1A7" name="BIN_COLLECTED PK">
<createdBy>kabil</createdBy>
<createdTime>2023-04-30 05:30:27 UTC</createdTime>
<ownerDesignName>cui_oraclemodel</ownerDesignName>
<engineerTo>
<item key="9795E7F4-909A-5993-6D59-A8BF3C7ED067" value="true"/>
</engineerTo>
<pk>true</pk>
<usedAttributes>
<attributeRef>560E4455-357C-E5AA-A6F8-9A250149F1A7</attributeRef>
<attributeRef>6959376B-BD83-28AF-DC1E-C48777786FC0</attributeRef>
</usedAttributes>
</identifier>
</identifiers>
</Entity>
