<?xml version = '1.0' encoding = 'UTF-8'?>
<Entity class="oracle.dbtools.crest.model.design.logical.Entity" directorySegmentName="seg_0" id="54D28FEC-AC84-04D1-894A-CA81121398DC" name="PROPERTY">
<createdBy>lzhau</createdBy>
<createdTime>2023-04-27 06:35:46 UTC</createdTime>
<ownerDesignName>cui_oraclemodel</ownerDesignName>
<engineerTo>
<item key="9795E7F4-909A-5993-6D59-A8BF3C7ED067" value="true"/>
</engineerTo>
<adequatelyNormalized>NO</adequatelyNormalized>
<expectedVolumes>0</expectedVolumes>
<fwdEngineeringStrategyName>Single Table</fwdEngineeringStrategyName>
<growthPercent>0</growthPercent>
<growthType>Year</growthType>
<maxVolumes>9999999</maxVolumes>
<minVolumes>0</minVolumes>
<normalForm>Third</normalForm>
<attributes itemClass="oracle.dbtools.crest.model.design.logical.Attribute">
<Attribute name="prop_id" id="71808F36-53B4-8878-2BE4-9A3C7C3EAC6E">
<createdBy>lzhau</createdBy>
<createdTime>2023-04-27 06:44:48 UTC</createdTime>
<commentInRDBMS><![CDATA[property id]]></commentInRDBMS>
<ownerDesignName>cui_oraclemodel</ownerDesignName>
<engineerTo>
<item key="9795E7F4-909A-5993-6D59-A8BF3C7ED067" value="true"/>
</engineerTo>
<useDomainConstraints>false</useDomainConstraints>
<use>1</use>
<logicalDatatype>LOGDT019</logicalDatatype>
<dataTypePrecision>7</dataTypePrecision>
<ownDataTypeParameters>,7,</ownDataTypeParameters>
</Attribute>
<Attribute name="prop_stNo" id="1C0DDD56-E14B-1F70-7908-AD510CBB2920">
<createdBy>lzhau</createdBy>
<createdTime>2023-04-27 06:35:53 UTC</createdTime>
<commentInRDBMS><![CDATA[property street number]]></commentInRDBMS>
<ownerDesignName>cui_oraclemodel</ownerDesignName>
<engineerTo>
<item key="9795E7F4-909A-5993-6D59-A8BF3C7ED067" value="true"/>
</engineerTo>
<useDomainConstraints>false</useDomainConstraints>
<use>1</use>
<logicalDatatype>LOGDT024</logicalDatatype>
<dataTypeSize>4</dataTypeSize>
<ownDataTypeParameters>4,,</ownDataTypeParameters>
</Attribute>
<Attribute name="st_id" id="B969C487-1CE0-7B23-E966-49FBD2ABF655">
<createdBy>lzhau</createdBy>
<createdTime>2023-04-27 06:42:18 UTC</createdTime>
<commentInRDBMS><![CDATA[street id]]></commentInRDBMS>
<generatorID>B234247C-5B44-533F-7834-1DF54E714AC3</generatorID>
<ownerDesignName>cui_oraclemodel</ownerDesignName>
<engineerTo>
<item key="9795E7F4-909A-5993-6D59-A8BF3C7ED067" value="true"/>
</engineerTo>
<referedAttribute>D34BF8C6-A401-9D4F-23D7-363992D43271</referedAttribute>
<useDomainConstraints>false</useDomainConstraints>
<use>1</use>
<logicalDatatype>LOGDT019</logicalDatatype>
<dataTypePrecision>7</dataTypePrecision>
<ownDataTypeParameters>,,</ownDataTypeParameters>
</Attribute>
<Attribute name="la_name" id="A3815AEF-9FE7-CECC-58F3-9BA732DFFC75">
<createdBy>lzhau</createdBy>
<createdTime>2023-04-27 06:42:47 UTC</createdTime>
<commentInRDBMS><![CDATA[local authority name]]></commentInRDBMS>
<generatorID>B234247C-5B44-533F-7834-1DF54E714AC3</generatorID>
<ownerDesignName>cui_oraclemodel</ownerDesignName>
<engineerTo>
<item key="9795E7F4-909A-5993-6D59-A8BF3C7ED067" value="true"/>
</engineerTo>
<referedAttribute>6AB8FFFE-ED9D-1135-EDAE-2CAFD3407908</referedAttribute>
<useDomainConstraints>false</useDomainConstraints>
<use>1</use>
<logicalDatatype>LOGDT024</logicalDatatype>
<dataTypeSize>50</dataTypeSize>
<ownDataTypeParameters>,,</ownDataTypeParameters>
</Attribute>
</attributes>
<identifiers itemClass="oracle.dbtools.crest.model.design.logical.CandidateKey">
<identifier id="BCB45D63-71BC-68A9-AE69-01827E07E639" name="PROPERTY PK">
<createdBy>lzhau</createdBy>
<createdTime>2023-04-27 06:37:47 UTC</createdTime>
<ownerDesignName>cui_oraclemodel</ownerDesignName>
<engineerTo>
<item key="9795E7F4-909A-5993-6D59-A8BF3C7ED067" value="true"/>
</engineerTo>
<pk>true</pk>
<usedAttributes>
<attributeRef>71808F36-53B4-8878-2BE4-9A3C7C3EAC6E</attributeRef>
</usedAttributes>
</identifier>
<identifier id="7585A458-5EF9-3464-7228-68894E4653FF" name="PROPERTY_NK">
<createdBy>lzhau</createdBy>
<createdTime>2023-04-27 06:44:30 UTC</createdTime>
<ownerDesignName>cui_oraclemodel</ownerDesignName>
<engineerTo>
<item key="9795E7F4-909A-5993-6D59-A8BF3C7ED067" value="true"/>
</engineerTo>
<newElementsIDs>1C0DDD56-E14B-1F70-7908-AD510CBB2920,B234247C-5B44-533F-7834-1DF54E714AC3</newElementsIDs>
<usedAttributes>
<attributeRef>1C0DDD56-E14B-1F70-7908-AD510CBB2920</attributeRef>
<attributeRef>B969C487-1CE0-7B23-E966-49FBD2ABF655</attributeRef>
<attributeRef>A3815AEF-9FE7-CECC-58F3-9BA732DFFC75</attributeRef>
</usedAttributes>
</identifier>
</identifiers>
</Entity>
