<?xml version = '1.0' encoding = 'UTF-8'?>
<Entity class="oracle.dbtools.crest.model.design.logical.Entity" directorySegmentName="seg_0" id="556B6419-1821-39D3-C221-2632E717EC52" name="DRIVER">
<createdBy>kabil</createdBy>
<createdTime>2023-04-30 05:43:12 UTC</createdTime>
<ownerDesignName>cui_oraclemodel</ownerDesignName>
<engineerTo>
<item key="9795E7F4-909A-5993-6D59-A8BF3C7ED067" value="true"/>
</engineerTo>
<adequatelyNormalized>NO</adequatelyNormalized>
<expectedVolumes>0</expectedVolumes>
<fwdEngineeringStrategyName>Single Table</fwdEngineeringStrategyName>
<growthPercent>0</growthPercent>
<growthType>Year</growthType>
<maxVolumes>9999999</maxVolumes>
<minVolumes>0</minVolumes>
<normalForm>Third</normalForm>
<attributes itemClass="oracle.dbtools.crest.model.design.logical.Attribute">
<Attribute name="driver_no" id="26F29681-72F7-81BF-F552-AA397E377D94">
<createdBy>kabil</createdBy>
<createdTime>2023-04-30 05:43:20 UTC</createdTime>
<commentInRDBMS><![CDATA[The driver number]]></commentInRDBMS>
<ownerDesignName>cui_oraclemodel</ownerDesignName>
<engineerTo>
<item key="9795E7F4-909A-5993-6D59-A8BF3C7ED067" value="true"/>
</engineerTo>
<useDomainConstraints>false</useDomainConstraints>
<use>1</use>
<logicalDatatype>LOGDT019</logicalDatatype>
<dataTypePrecision>7</dataTypePrecision>
<ownDataTypeParameters>,7,</ownDataTypeParameters>
</Attribute>
<Attribute name="driver_licenceNo" id="933CA834-CFA8-853E-AA0B-22D8EBAA922E">
<createdBy>kabil</createdBy>
<createdTime>2023-04-30 05:44:06 UTC</createdTime>
<commentInRDBMS><![CDATA[driver licence number]]></commentInRDBMS>
<ownerDesignName>cui_oraclemodel</ownerDesignName>
<engineerTo>
<item key="9795E7F4-909A-5993-6D59-A8BF3C7ED067" value="true"/>
</engineerTo>
<useDomainConstraints>false</useDomainConstraints>
<use>1</use>
<logicalDatatype>LOGDT019</logicalDatatype>
<dataTypePrecision>9</dataTypePrecision>
<ownDataTypeParameters>,9,</ownDataTypeParameters>
</Attribute>
<Attribute name="driver_name" id="AAC4220B-9F88-3204-A0A3-F473F7EBFD80">
<createdBy>kabil</createdBy>
<createdTime>2023-04-30 05:46:33 UTC</createdTime>
<commentInRDBMS><![CDATA[driver name]]></commentInRDBMS>
<ownerDesignName>cui_oraclemodel</ownerDesignName>
<engineerTo>
<item key="9795E7F4-909A-5993-6D59-A8BF3C7ED067" value="true"/>
</engineerTo>
<useDomainConstraints>false</useDomainConstraints>
<use>1</use>
<logicalDatatype>LOGDT024</logicalDatatype>
<dataTypeSize>50</dataTypeSize>
<ownDataTypeParameters>50,,</ownDataTypeParameters>
</Attribute>
<Attribute name="driver_dob" id="4F0B8827-C604-C742-0B9F-90905F1886B4">
<createdBy>kabil</createdBy>
<createdTime>2023-04-30 05:47:09 UTC</createdTime>
<commentInRDBMS><![CDATA[driver date of birth]]></commentInRDBMS>
<ownerDesignName>cui_oraclemodel</ownerDesignName>
<engineerTo>
<item key="9795E7F4-909A-5993-6D59-A8BF3C7ED067" value="true"/>
</engineerTo>
<useDomainConstraints>false</useDomainConstraints>
<use>1</use>
<logicalDatatype>LOGDT007</logicalDatatype>
<ownDataTypeParameters>,,</ownDataTypeParameters>
</Attribute>
<Attribute name="driver_tfn" id="B6682078-14F4-30F9-26FB-8C98504C4333">
<createdBy>kabil</createdBy>
<createdTime>2023-04-30 05:47:32 UTC</createdTime>
<commentInRDBMS><![CDATA[driver tax file number]]></commentInRDBMS>
<ownerDesignName>cui_oraclemodel</ownerDesignName>
<engineerTo>
<item key="9795E7F4-909A-5993-6D59-A8BF3C7ED067" value="true"/>
</engineerTo>
<useDomainConstraints>false</useDomainConstraints>
<use>1</use>
<logicalDatatype>LOGDT019</logicalDatatype>
<dataTypePrecision>9</dataTypePrecision>
<ownDataTypeParameters>,9,</ownDataTypeParameters>
</Attribute>
<Attribute name="driver_contactNo" id="32850B0F-8266-C7C6-009F-1493DA76C38E">
<createdBy>kabil</createdBy>
<createdTime>2023-04-30 05:48:08 UTC</createdTime>
<commentInRDBMS><![CDATA[driver contact number]]></commentInRDBMS>
<ownerDesignName>cui_oraclemodel</ownerDesignName>
<engineerTo>
<item key="9795E7F4-909A-5993-6D59-A8BF3C7ED067" value="true"/>
</engineerTo>
<useDomainConstraints>false</useDomainConstraints>
<use>1</use>
<logicalDatatype>LOGDT025</logicalDatatype>
<dataTypeSize>10</dataTypeSize>
<ownDataTypeParameters>10,,</ownDataTypeParameters>
</Attribute>
</attributes>
<identifiers itemClass="oracle.dbtools.crest.model.design.logical.CandidateKey">
<identifier id="67D55344-1B2E-5264-6D97-9EC78AE342C3" name="DRIVER PK">
<createdBy>kabil</createdBy>
<createdTime>2023-04-30 05:43:32 UTC</createdTime>
<ownerDesignName>cui_oraclemodel</ownerDesignName>
<engineerTo>
<item key="9795E7F4-909A-5993-6D59-A8BF3C7ED067" value="true"/>
</engineerTo>
<pk>true</pk>
<usedAttributes>
<attributeRef>26F29681-72F7-81BF-F552-AA397E377D94</attributeRef>
</usedAttributes>
</identifier>
</identifiers>
</Entity>
