<?xml version = '1.0' encoding = 'UTF-8'?>
<Entity class="oracle.dbtools.crest.model.design.logical.Entity" directorySegmentName="seg_0" id="87CD36F0-8C22-3BE2-35B8-88985E10F1B7" name="BIN">
<createdBy>lzhau</createdBy>
<createdTime>2023-04-27 06:46:51 UTC</createdTime>
<ownerDesignName>cui_oraclemodel</ownerDesignName>
<engineerTo>
<item key="9795E7F4-909A-5993-6D59-A8BF3C7ED067" value="true"/>
</engineerTo>
<adequatelyNormalized>NO</adequatelyNormalized>
<expectedVolumes>0</expectedVolumes>
<fwdEngineeringStrategyName>Single Table</fwdEngineeringStrategyName>
<growthPercent>0</growthPercent>
<growthType>Year</growthType>
<maxVolumes>9999999</maxVolumes>
<minVolumes>0</minVolumes>
<normalForm>Third</normalForm>
<attributes itemClass="oracle.dbtools.crest.model.design.logical.Attribute">
<Attribute name="bin_rfid" id="F3358A67-8F13-3DFE-2655-74E39E991620">
<createdBy>lzhau</createdBy>
<createdTime>2023-04-27 06:46:55 UTC</createdTime>
<commentInRDBMS><![CDATA[bin RFID as 16 characters hexadecimal number]]></commentInRDBMS>
<ownerDesignName>cui_oraclemodel</ownerDesignName>
<engineerTo>
<item key="9795E7F4-909A-5993-6D59-A8BF3C7ED067" value="true"/>
</engineerTo>
<useDomainConstraints>false</useDomainConstraints>
<use>1</use>
<logicalDatatype>LOGDT025</logicalDatatype>
<dataTypeSize>16</dataTypeSize>
<ownDataTypeParameters>16,,</ownDataTypeParameters>
</Attribute>
<Attribute name="bin_date" id="AF4B2523-7677-2C19-C70B-A9FB65D73E3D">
<createdBy>lzhau</createdBy>
<createdTime>2023-04-27 06:47:35 UTC</createdTime>
<commentInRDBMS><![CDATA[bin date supplied]]></commentInRDBMS>
<ownerDesignName>cui_oraclemodel</ownerDesignName>
<engineerTo>
<item key="9795E7F4-909A-5993-6D59-A8BF3C7ED067" value="true"/>
</engineerTo>
<useDomainConstraints>false</useDomainConstraints>
<use>1</use>
<logicalDatatype>LOGDT007</logicalDatatype>
<ownDataTypeParameters>,,</ownDataTypeParameters>
</Attribute>
<Attribute name="bin_repReason" id="0D355E36-5C53-BC4E-B7B0-250FB1713937">
<createdBy>lzhau</createdBy>
<createdTime>2023-04-27 06:48:03 UTC</createdTime>
<commentInRDBMS><![CDATA[bin replacement reason (OD - Damaged by owner, BF - Bin Failure eg. old age, PD - Damaged during pickup, ST - Stolen)]]></commentInRDBMS>
<ownerDesignName>cui_oraclemodel</ownerDesignName>
<engineerTo>
<item key="9795E7F4-909A-5993-6D59-A8BF3C7ED067" value="true"/>
</engineerTo>
<constraintName>chk_binRepReason</constraintName>
<nullsAllowed>true</nullsAllowed>
<useDomainConstraints>false</useDomainConstraints>
<use>1</use>
<logicalDatatype>LOGDT025</logicalDatatype>
<dataTypeSize>2</dataTypeSize>
<listOfValues>
<valueDef value="BF" description="Bin failure"/>
<valueDef value="OD" description="Damaged by owner"/>
<valueDef value="PD" description="Damaged during pickup"/>
<valueDef value="ST" description="Stolen"/>
</listOfValues>
<ownDataTypeParameters>2,,</ownDataTypeParameters>
</Attribute>
<Attribute name="prop_id" id="D16BDBA5-E545-0D5B-0E84-0900D8713540">
<createdBy>lzhau</createdBy>
<createdTime>2023-04-27 06:48:39 UTC</createdTime>
<commentInRDBMS><![CDATA[property id]]></commentInRDBMS>
<generatorID>AEA82C7C-C366-1AD9-FA61-4A90FC8ED971</generatorID>
<ownerDesignName>cui_oraclemodel</ownerDesignName>
<engineerTo>
<item key="9795E7F4-909A-5993-6D59-A8BF3C7ED067" value="true"/>
</engineerTo>
<referedAttribute>71808F36-53B4-8878-2BE4-9A3C7C3EAC6E</referedAttribute>
<useDomainConstraints>false</useDomainConstraints>
<use>1</use>
<logicalDatatype>LOGDT019</logicalDatatype>
<dataTypePrecision>7</dataTypePrecision>
<ownDataTypeParameters>,,</ownDataTypeParameters>
</Attribute>
<Attribute name="bt_size" id="9D142F34-B398-F093-0635-908329A29658">
<createdBy>lzhau</createdBy>
<createdTime>2023-05-02 03:21:22 UTC</createdTime>
<commentInRDBMS><![CDATA[bin type size in litre]]></commentInRDBMS>
<generatorID>A4A8D1B1-CF17-2790-D836-52A5F201C4E8</generatorID>
<ownerDesignName>cui_oraclemodel</ownerDesignName>
<engineerTo>
<item key="9795E7F4-909A-5993-6D59-A8BF3C7ED067" value="true"/>
</engineerTo>
<referedAttribute>9455B908-7290-E845-3045-9577BD039937</referedAttribute>
<useDomainConstraints>false</useDomainConstraints>
<use>1</use>
<logicalDatatype>LOGDT019</logicalDatatype>
<dataTypePrecision>4</dataTypePrecision>
<ownDataTypeParameters>,,</ownDataTypeParameters>
</Attribute>
<Attribute name="wt_id" id="9D2E04A5-94C6-FB7F-909D-3EE93332F2D4">
<createdBy>lzhau</createdBy>
<createdTime>2023-05-02 03:21:22 UTC</createdTime>
<commentInRDBMS><![CDATA[waste type id]]></commentInRDBMS>
<generatorID>A4A8D1B1-CF17-2790-D836-52A5F201C4E8</generatorID>
<ownerDesignName>cui_oraclemodel</ownerDesignName>
<engineerTo>
<item key="9795E7F4-909A-5993-6D59-A8BF3C7ED067" value="true"/>
</engineerTo>
<referedAttribute>59F64861-A27A-CFB4-C0BC-EE0E259C82BB</referedAttribute>
<useDomainConstraints>false</useDomainConstraints>
<use>1</use>
<logicalDatatype>LOGDT025</logicalDatatype>
<dataTypeSize>2</dataTypeSize>
<ownDataTypeParameters>,,</ownDataTypeParameters>
</Attribute>
<Attribute name="contract_no" id="9E5B3E55-C331-7D69-44EF-322E2CA2366B">
<createdBy>lzhau</createdBy>
<createdTime>2023-05-02 03:21:22 UTC</createdTime>
<commentInRDBMS><![CDATA[contract number]]></commentInRDBMS>
<generatorID>A4A8D1B1-CF17-2790-D836-52A5F201C4E8</generatorID>
<ownerDesignName>cui_oraclemodel</ownerDesignName>
<engineerTo>
<item key="9795E7F4-909A-5993-6D59-A8BF3C7ED067" value="true"/>
</engineerTo>
<referedAttribute>44FC38EB-DE95-9230-9469-4EF940324AF8</referedAttribute>
<useDomainConstraints>false</useDomainConstraints>
<use>1</use>
<logicalDatatype>LOGDT019</logicalDatatype>
<dataTypePrecision>7</dataTypePrecision>
<ownDataTypeParameters>,,</ownDataTypeParameters>
</Attribute>
</attributes>
<identifiers itemClass="oracle.dbtools.crest.model.design.logical.CandidateKey">
<identifier id="7C7F8B2F-A6E4-5756-BA00-BCD52200424A" name="BIN PK">
<createdBy>lzhau</createdBy>
<createdTime>2023-04-27 06:47:09 UTC</createdTime>
<ownerDesignName>cui_oraclemodel</ownerDesignName>
<engineerTo>
<item key="9795E7F4-909A-5993-6D59-A8BF3C7ED067" value="true"/>
</engineerTo>
<pk>true</pk>
<usedAttributes>
<attributeRef>F3358A67-8F13-3DFE-2655-74E39E991620</attributeRef>
</usedAttributes>
</identifier>
</identifiers>
</Entity>
