<?xml version = '1.0' encoding = 'UTF-8'?>
<Entity class="oracle.dbtools.crest.model.design.logical.Entity" directorySegmentName="seg_0" id="CEF05629-D13D-EFA0-38F9-83A100FADE15" name="CONTRACT_PRICING">
<createdBy>lzhau</createdBy>
<createdTime>2023-04-27 06:55:16 UTC</createdTime>
<ownerDesignName>cui_oraclemodel</ownerDesignName>
<engineerTo>
<item key="9795E7F4-909A-5993-6D59-A8BF3C7ED067" value="true"/>
</engineerTo>
<adequatelyNormalized>NO</adequatelyNormalized>
<expectedVolumes>0</expectedVolumes>
<fwdEngineeringStrategyName>Single Table</fwdEngineeringStrategyName>
<growthPercent>0</growthPercent>
<growthType>Year</growthType>
<maxVolumes>9999999</maxVolumes>
<minVolumes>0</minVolumes>
<normalForm>Third</normalForm>
<attributes itemClass="oracle.dbtools.crest.model.design.logical.Attribute">
<Attribute name="contract_no" id="44FC38EB-DE95-9230-9469-4EF940324AF8">
<createdBy>lzhau</createdBy>
<createdTime>2023-04-27 07:00:25 UTC</createdTime>
<commentInRDBMS><![CDATA[contract number]]></commentInRDBMS>
<generatorID>9E85DA1E-DEFC-F65B-0B49-F3F7B4CA0B50</generatorID>
<ownerDesignName>cui_oraclemodel</ownerDesignName>
<engineerTo>
<item key="9795E7F4-909A-5993-6D59-A8BF3C7ED067" value="true"/>
</engineerTo>
<referedAttribute>A84FE571-FB4D-D51B-F968-076E3D61FE85</referedAttribute>
<useDomainConstraints>false</useDomainConstraints>
<use>1</use>
<logicalDatatype>LOGDT019</logicalDatatype>
<dataTypePrecision>7</dataTypePrecision>
<ownDataTypeParameters>,7,</ownDataTypeParameters>
</Attribute>
<Attribute name="bt_size" id="9455B908-7290-E845-3045-9577BD039937">
<createdBy>lzhau</createdBy>
<createdTime>2023-04-27 06:59:47 UTC</createdTime>
<commentInRDBMS><![CDATA[bin type size in litre]]></commentInRDBMS>
<generatorID>62617BC4-91B4-5FED-9F1B-3AB1CD2E41B2</generatorID>
<ownerDesignName>cui_oraclemodel</ownerDesignName>
<engineerTo>
<item key="9795E7F4-909A-5993-6D59-A8BF3C7ED067" value="true"/>
</engineerTo>
<referedAttribute>E5D799BF-1AC5-4D3B-AD04-C38A40946081</referedAttribute>
<useDomainConstraints>false</useDomainConstraints>
<use>1</use>
<logicalDatatype>LOGDT019</logicalDatatype>
<dataTypePrecision>4</dataTypePrecision>
<ownDataTypeParameters>,4,</ownDataTypeParameters>
</Attribute>
<Attribute name="wt_id" id="59F64861-A27A-CFB4-C0BC-EE0E259C82BB">
<createdBy>lzhau</createdBy>
<createdTime>2023-04-27 06:59:47 UTC</createdTime>
<commentInRDBMS><![CDATA[waste type id]]></commentInRDBMS>
<generatorID>62617BC4-91B4-5FED-9F1B-3AB1CD2E41B2</generatorID>
<ownerDesignName>cui_oraclemodel</ownerDesignName>
<engineerTo>
<item key="9795E7F4-909A-5993-6D59-A8BF3C7ED067" value="true"/>
</engineerTo>
<referedAttribute>92637500-1C48-9263-22E9-96BCD90AEA14</referedAttribute>
<useDomainConstraints>false</useDomainConstraints>
<use>1</use>
<logicalDatatype>LOGDT025</logicalDatatype>
<dataTypeSize>2</dataTypeSize>
<ownDataTypeParameters>2,,</ownDataTypeParameters>
</Attribute>
<Attribute name="cp_supplyPrice" id="EB09F6D4-9BB9-5A30-68C0-AA035AE0CC96">
<createdBy>lzhau</createdBy>
<createdTime>2023-04-27 06:57:24 UTC</createdTime>
<commentInRDBMS><![CDATA[contract supply price]]></commentInRDBMS>
<ownerDesignName>cui_oraclemodel</ownerDesignName>
<engineerTo>
<item key="9795E7F4-909A-5993-6D59-A8BF3C7ED067" value="true"/>
</engineerTo>
<useDomainConstraints>false</useDomainConstraints>
<use>1</use>
<logicalDatatype>LOGDT019</logicalDatatype>
<dataTypePrecision>6</dataTypePrecision>
<dataTypeScale>2</dataTypeScale>
<ownDataTypeParameters>,6,2</ownDataTypeParameters>
</Attribute>
</attributes>
<identifiers itemClass="oracle.dbtools.crest.model.design.logical.CandidateKey">
<identifier id="9398E488-7274-26C3-3551-FCA04A91EEFF" name="CONTRACT_PRICING PK">
<createdBy>lzhau</createdBy>
<createdTime>2023-04-27 06:59:24 UTC</createdTime>
<ownerDesignName>cui_oraclemodel</ownerDesignName>
<engineerTo>
<item key="9795E7F4-909A-5993-6D59-A8BF3C7ED067" value="true"/>
</engineerTo>
<pk>true</pk>
<usedAttributes>
<attributeRef>9455B908-7290-E845-3045-9577BD039937</attributeRef>
<attributeRef>59F64861-A27A-CFB4-C0BC-EE0E259C82BB</attributeRef>
<attributeRef>44FC38EB-DE95-9230-9469-4EF940324AF8</attributeRef>
</usedAttributes>
</identifier>
</identifiers>
</Entity>
