<?xml version = '1.0' encoding = 'UTF-8'?>
<Table class="oracle.dbtools.crest.model.design.relational.Table" directorySegmentName="seg_0" id="36E0B397-8093-04C4-87E9-EA676B256BD1" name="LOCAL_AUTHORITY">
<createdBy>lzhau</createdBy>
<createdTime>2023-05-02 03:41:41 UTC</createdTime>
<generatorID>9E380116-5788-02AD-AD5E-F009E9F82862</generatorID>
<ownerDesignName>cui_oraclemodel</ownerDesignName>
<allowColumnReorder>false</allowColumnReorder>
<existDependencyGenerateInDDl>true</existDependencyGenerateInDDl>
<parsed>true</parsed>
<columns itemClass="oracle.dbtools.crest.model.design.relational.Column">
<Column name="la_name" id="85CAEBD4-1B3D-37E7-BD18-C2AF50B6ADB5">
<createdBy>lzhau</createdBy>
<createdTime>2023-05-02 03:41:41 UTC</createdTime>
<commentInRDBMS><![CDATA[local authority name]]></commentInRDBMS>
<generatorID>91F1B232-DEE3-46E6-FB1D-00BA17AEE7F3</generatorID>
<ownerDesignName>cui_oraclemodel</ownerDesignName>
<useDomainConstraints>false</useDomainConstraints>
<use>1</use>
<logicalDatatype>LOGDT024</logicalDatatype>
<dataTypeSize>50</dataTypeSize>
<ownDataTypeParameters>50,,</ownDataTypeParameters>
<autoIncrementCycle>false</autoIncrementCycle>
</Column>
<Column name="la_ceoFName" id="F9D3781C-A671-43F1-918A-AAE0884FA151">
<createdBy>lzhau</createdBy>
<createdTime>2023-05-02 03:41:41 UTC</createdTime>
<commentInRDBMS><![CDATA[local authority CEO  first name]]></commentInRDBMS>
<generatorID>8909084F-3C08-5694-5844-0FD89A5AF5B7</generatorID>
<ownerDesignName>cui_oraclemodel</ownerDesignName>
<useDomainConstraints>false</useDomainConstraints>
<use>1</use>
<logicalDatatype>LOGDT024</logicalDatatype>
<dataTypeSize>30</dataTypeSize>
<ownDataTypeParameters>30,,</ownDataTypeParameters>
<autoIncrementCycle>false</autoIncrementCycle>
</Column>
<Column name="la_ceoLName" id="B8EDD62C-B800-4377-B15D-04DBBF6CDE70">
<createdBy>lzhau</createdBy>
<createdTime>2023-05-02 03:41:41 UTC</createdTime>
<commentInRDBMS><![CDATA[local authority CEO last name]]></commentInRDBMS>
<generatorID>8CEE89D6-14D9-619C-7290-45B37F59EE82</generatorID>
<ownerDesignName>cui_oraclemodel</ownerDesignName>
<useDomainConstraints>false</useDomainConstraints>
<use>1</use>
<logicalDatatype>LOGDT024</logicalDatatype>
<dataTypeSize>30</dataTypeSize>
<ownDataTypeParameters>30,,</ownDataTypeParameters>
<autoIncrementCycle>false</autoIncrementCycle>
</Column>
<Column name="la_phoneNo" id="673CE873-0438-7DA4-2340-C1ED52C20BBB">
<createdBy>lzhau</createdBy>
<createdTime>2023-05-02 03:41:41 UTC</createdTime>
<commentInRDBMS><![CDATA[local authority phone number]]></commentInRDBMS>
<generatorID>A95AD577-E51F-6800-3F0A-B5631789E627</generatorID>
<ownerDesignName>cui_oraclemodel</ownerDesignName>
<useDomainConstraints>false</useDomainConstraints>
<use>1</use>
<logicalDatatype>LOGDT024</logicalDatatype>
<dataTypeSize>10</dataTypeSize>
<ownDataTypeParameters>10,,</ownDataTypeParameters>
<autoIncrementCycle>false</autoIncrementCycle>
</Column>
<Column name="la_totalArea" id="284459C8-CF75-C0B5-218E-A76D223F3461">
<createdBy>lzhau</createdBy>
<createdTime>2023-05-02 03:41:41 UTC</createdTime>
<commentInRDBMS><![CDATA[local authority total area in square kilometers]]></commentInRDBMS>
<generatorID>53184F60-F7CD-8FCE-0FE2-B0FAF8DDF199</generatorID>
<ownerDesignName>cui_oraclemodel</ownerDesignName>
<useDomainConstraints>false</useDomainConstraints>
<use>1</use>
<logicalDatatype>LOGDT019</logicalDatatype>
<dataTypePrecision>3</dataTypePrecision>
<ownDataTypeParameters>,3,</ownDataTypeParameters>
<autoIncrementCycle>false</autoIncrementCycle>
</Column>
<Column name="la_type" id="A563175A-B51A-4B63-71F3-A311D73B746D">
<createdBy>lzhau</createdBy>
<createdTime>2023-05-02 03:41:41 UTC</createdTime>
<commentInRDBMS><![CDATA[local authority type (BO - Borough, CT - City, DC - District Council, SH - Shire, TN - Town)]]></commentInRDBMS>
<generatorID>BF0FC6A2-6EA2-A4AC-DF0C-1F3234E0823A</generatorID>
<ownerDesignName>cui_oraclemodel</ownerDesignName>
<constraintName>chk_latype</constraintName>
<useDomainConstraints>false</useDomainConstraints>
<use>1</use>
<logicalDatatype>LOGDT025</logicalDatatype>
<dataTypeSize>2</dataTypeSize>
<listOfValues>
<valueDef value="BO" description="Borough"/>
<valueDef value="CT" description="City"/>
<valueDef value="DC" description="District Council"/>
<valueDef value="SH" description="Shire"/>
<valueDef value="TN" description="Town"/>
</listOfValues>
<ownDataTypeParameters>2,,</ownDataTypeParameters>
<autoIncrementCycle>false</autoIncrementCycle>
</Column>
</columns>
<indexes itemClass="oracle.dbtools.crest.model.design.relational.Index">
<ind_PK_UK id="659C87F9-A001-5563-AA75-891EA45EE360" name="LOCAL_AUTHORITY_PK">
<createdBy>lzhau</createdBy>
<createdTime>2023-05-02 03:41:41 UTC</createdTime>
<generatorID>FF4B3258-EE35-E975-F599-B75383DFB895</generatorID>
<ownerDesignName>cui_oraclemodel</ownerDesignName>
<pk>true</pk>
<indexState>Primary Constraint</indexState>
<isSurrogateKey>false</isSurrogateKey>
<indexColumnUsage>
<colUsage columnID="85CAEBD4-1B3D-37E7-BD18-C2AF50B6ADB5"/>
</indexColumnUsage>
</ind_PK_UK>
</indexes>
</Table>
