<?xml version = '1.0' encoding = 'UTF-8'?>
<Table class="oracle.dbtools.crest.model.design.relational.Table" directorySegmentName="seg_0" id="A18C03AD-D336-5D87-617D-0CEF439F8BB0" name="DRIVER">
<createdBy>lzhau</createdBy>
<createdTime>2023-05-02 03:41:41 UTC</createdTime>
<generatorID>556B6419-1821-39D3-C221-2632E717EC52</generatorID>
<ownerDesignName>cui_oraclemodel</ownerDesignName>
<allowColumnReorder>false</allowColumnReorder>
<existDependencyGenerateInDDl>true</existDependencyGenerateInDDl>
<parsed>true</parsed>
<columns itemClass="oracle.dbtools.crest.model.design.relational.Column">
<Column name="driver_no" id="EAB4B234-0402-B602-F65C-45F5A4373472">
<createdBy>lzhau</createdBy>
<createdTime>2023-05-02 03:41:41 UTC</createdTime>
<commentInRDBMS><![CDATA[The driver number]]></commentInRDBMS>
<generatorID>26F29681-72F7-81BF-F552-AA397E377D94</generatorID>
<ownerDesignName>cui_oraclemodel</ownerDesignName>
<useDomainConstraints>false</useDomainConstraints>
<use>1</use>
<logicalDatatype>LOGDT019</logicalDatatype>
<dataTypePrecision>7</dataTypePrecision>
<ownDataTypeParameters>,7,</ownDataTypeParameters>
<autoIncrementCycle>false</autoIncrementCycle>
</Column>
<Column name="driver_licenceNo" id="48D79C04-A31D-2472-98B4-664BEC2B36F6">
<createdBy>lzhau</createdBy>
<createdTime>2023-05-02 03:41:41 UTC</createdTime>
<commentInRDBMS><![CDATA[driver licence number]]></commentInRDBMS>
<generatorID>933CA834-CFA8-853E-AA0B-22D8EBAA922E</generatorID>
<ownerDesignName>cui_oraclemodel</ownerDesignName>
<useDomainConstraints>false</useDomainConstraints>
<use>1</use>
<logicalDatatype>LOGDT019</logicalDatatype>
<dataTypePrecision>9</dataTypePrecision>
<ownDataTypeParameters>,9,</ownDataTypeParameters>
<autoIncrementCycle>false</autoIncrementCycle>
</Column>
<Column name="driver_name" id="CFBFD895-36CE-C22A-A6B9-322E0690F6EF">
<createdBy>lzhau</createdBy>
<createdTime>2023-05-02 03:41:41 UTC</createdTime>
<commentInRDBMS><![CDATA[driver name]]></commentInRDBMS>
<generatorID>AAC4220B-9F88-3204-A0A3-F473F7EBFD80</generatorID>
<ownerDesignName>cui_oraclemodel</ownerDesignName>
<useDomainConstraints>false</useDomainConstraints>
<use>1</use>
<logicalDatatype>LOGDT024</logicalDatatype>
<dataTypeSize>50</dataTypeSize>
<ownDataTypeParameters>50,,</ownDataTypeParameters>
<autoIncrementCycle>false</autoIncrementCycle>
</Column>
<Column name="driver_dob" id="23B59280-BDDD-0D96-88BE-32AFABF31DA2">
<createdBy>lzhau</createdBy>
<createdTime>2023-05-02 03:41:41 UTC</createdTime>
<commentInRDBMS><![CDATA[driver date of birth]]></commentInRDBMS>
<generatorID>4F0B8827-C604-C742-0B9F-90905F1886B4</generatorID>
<ownerDesignName>cui_oraclemodel</ownerDesignName>
<useDomainConstraints>false</useDomainConstraints>
<use>1</use>
<logicalDatatype>LOGDT007</logicalDatatype>
<ownDataTypeParameters>,,</ownDataTypeParameters>
<autoIncrementCycle>false</autoIncrementCycle>
</Column>
<Column name="driver_tfn" id="28530E5E-C7AD-223A-539D-A076A33B8123">
<createdBy>lzhau</createdBy>
<createdTime>2023-05-02 03:41:41 UTC</createdTime>
<commentInRDBMS><![CDATA[driver tax file number]]></commentInRDBMS>
<generatorID>B6682078-14F4-30F9-26FB-8C98504C4333</generatorID>
<ownerDesignName>cui_oraclemodel</ownerDesignName>
<useDomainConstraints>false</useDomainConstraints>
<use>1</use>
<logicalDatatype>LOGDT019</logicalDatatype>
<dataTypePrecision>9</dataTypePrecision>
<ownDataTypeParameters>,9,</ownDataTypeParameters>
<autoIncrementCycle>false</autoIncrementCycle>
</Column>
<Column name="driver_contactNo" id="F241D594-22B1-DFBA-E33D-9BFD380EAC85">
<createdBy>lzhau</createdBy>
<createdTime>2023-05-02 03:41:41 UTC</createdTime>
<commentInRDBMS><![CDATA[driver contact number]]></commentInRDBMS>
<generatorID>32850B0F-8266-C7C6-009F-1493DA76C38E</generatorID>
<ownerDesignName>cui_oraclemodel</ownerDesignName>
<useDomainConstraints>false</useDomainConstraints>
<use>1</use>
<logicalDatatype>LOGDT025</logicalDatatype>
<dataTypeSize>10</dataTypeSize>
<ownDataTypeParameters>10,,</ownDataTypeParameters>
<autoIncrementCycle>false</autoIncrementCycle>
</Column>
</columns>
<indexes itemClass="oracle.dbtools.crest.model.design.relational.Index">
<ind_PK_UK id="31CAEB5F-7529-02DC-6EF8-8DA9180CF96F" name="DRIVER_PK">
<createdBy>lzhau</createdBy>
<createdTime>2023-05-02 03:41:41 UTC</createdTime>
<generatorID>67D55344-1B2E-5264-6D97-9EC78AE342C3</generatorID>
<ownerDesignName>cui_oraclemodel</ownerDesignName>
<pk>true</pk>
<indexState>Primary Constraint</indexState>
<isSurrogateKey>false</isSurrogateKey>
<indexColumnUsage>
<colUsage columnID="EAB4B234-0402-B602-F65C-45F5A4373472"/>
</indexColumnUsage>
</ind_PK_UK>
</indexes>
</Table>
