<?xml version = '1.0' encoding = 'UTF-8'?>
<Table class="oracle.dbtools.crest.model.design.relational.Table" directorySegmentName="seg_0" id="AD58C2FB-D684-1DB4-46D5-8FBA25249004" name="WASTE_TYPE">
<createdBy>lzhau</createdBy>
<createdTime>2023-05-02 03:41:41 UTC</createdTime>
<generatorID>73550790-6C09-C6B5-CFA5-CEE514692901</generatorID>
<ownerDesignName>cui_oraclemodel</ownerDesignName>
<allowColumnReorder>false</allowColumnReorder>
<existDependencyGenerateInDDl>true</existDependencyGenerateInDDl>
<parsed>true</parsed>
<columns itemClass="oracle.dbtools.crest.model.design.relational.Column">
<Column name="wt_id" id="3CBE630C-55D8-991D-D2CE-00105FACE377">
<createdBy>lzhau</createdBy>
<createdTime>2023-05-02 03:41:41 UTC</createdTime>
<commentInRDBMS><![CDATA[waste type id]]></commentInRDBMS>
<generatorID>254917ED-4D03-9AF1-8960-560520578DC2</generatorID>
<ownerDesignName>cui_oraclemodel</ownerDesignName>
<useDomainConstraints>false</useDomainConstraints>
<use>1</use>
<logicalDatatype>LOGDT025</logicalDatatype>
<dataTypeSize>2</dataTypeSize>
<ownDataTypeParameters>2,,</ownDataTypeParameters>
<autoIncrementCycle>false</autoIncrementCycle>
</Column>
<Column name="wt_desc" id="5C668DA0-D280-D94D-435A-1C91F9D2D465">
<createdBy>lzhau</createdBy>
<createdTime>2023-05-02 03:41:41 UTC</createdTime>
<commentInRDBMS><![CDATA[waste type description]]></commentInRDBMS>
<generatorID>D1DD8A0F-8C51-7826-9E45-98B497B8D58C</generatorID>
<ownerDesignName>cui_oraclemodel</ownerDesignName>
<useDomainConstraints>false</useDomainConstraints>
<use>1</use>
<logicalDatatype>LOGDT024</logicalDatatype>
<dataTypeSize>50</dataTypeSize>
<ownDataTypeParameters>50,,</ownDataTypeParameters>
<autoIncrementCycle>false</autoIncrementCycle>
</Column>
</columns>
<indexes itemClass="oracle.dbtools.crest.model.design.relational.Index">
<ind_PK_UK id="CDE1F48C-DB34-1377-6A30-29B6CD6F20BB" name="WASTE_TYPE_PK">
<createdBy>lzhau</createdBy>
<createdTime>2023-05-02 03:41:41 UTC</createdTime>
<generatorID>CC67FC16-F456-544C-6C3E-720D333FB257</generatorID>
<ownerDesignName>cui_oraclemodel</ownerDesignName>
<pk>true</pk>
<indexState>Primary Constraint</indexState>
<isSurrogateKey>false</isSurrogateKey>
<indexColumnUsage>
<colUsage columnID="3CBE630C-55D8-991D-D2CE-00105FACE377"/>
</indexColumnUsage>
</ind_PK_UK>
</indexes>
</Table>
