<?xml version = '1.0' encoding = 'UTF-8'?>
<Diagram class="oracle.dbtools.crest.swingui.relational.DPVRelational" name="Relational_1" id="8A2F6EF5-8212-52E0-2421-7612678DA903">
<createdBy>lzhau</createdBy>
<modifiedBy>lzhau</modifiedBy>
<createdTime>2023-04-27 06:30:58 UTC</createdTime>
<autoRoute>false</autoRoute>
<boxInbox>true</boxInbox>
<showLegend>false</showLegend>
<showLabels>false</showLabels>
<showRelAttributes>false</showRelAttributes>
<gridEnabled>false</gridEnabled>
<showGrid>false</showGrid>
<diagramColor>-1</diagramColor>
<display>false</display>
<notation>1</notation>
<objectViews>
<OView class="oracle.dbtools.crest.swingui.relational.TVTable" oid="028EAA2E-5B8A-FC5E-EA19-5A072E3CDB3F" otype="Table" vid="EA20D7B1-6B64-8F11-32CD-0E179246547C">
<hideElementsInCurrentOnly>false</hideElementsInCurrentOnly>
<bounds x="1048" y="786" width="251" height="147"/>
</OView>
<OView class="oracle.dbtools.crest.swingui.relational.TVTable" oid="1E8B6F25-B75E-911E-F9F1-90ABDC278CBE" otype="Table" vid="EF35C7DD-62A2-5052-672C-67BB4B1A5E33">
<hideElementsInCurrentOnly>false</hideElementsInCurrentOnly>
<bounds x="589" y="412" width="283" height="149"/>
</OView>
<OView class="oracle.dbtools.crest.swingui.relational.TVTable" oid="22A8AC59-1C78-5BF9-C153-4974DFC9FA5B" otype="Table" vid="ADC74677-CEED-DD85-51C0-7581813D8F7C">
<hideElementsInCurrentOnly>false</hideElementsInCurrentOnly>
<bounds x="954" y="188" width="276" height="188"/>
</OView>
<OView class="oracle.dbtools.crest.swingui.relational.TVTable" oid="36E0B397-8093-04C4-87E9-EA676B256BD1" otype="Table" vid="D4B169E6-99AE-6A0F-06C5-DA0DC6613F6A">
<hideElementsInCurrentOnly>false</hideElementsInCurrentOnly>
<bounds x="39" y="196" width="220" height="176"/>
</OView>
<OView class="oracle.dbtools.crest.swingui.relational.TVTable" oid="36F12ADF-E173-7B74-5AFD-04D592DFFA00" otype="Table" vid="1292F3C4-D7BE-F972-A52C-F4F892E33E5F">
<hideElementsInCurrentOnly>false</hideElementsInCurrentOnly>
<bounds x="923" y="417" width="188" height="137"/>
</OView>
<OView class="oracle.dbtools.crest.swingui.relational.TVTable" oid="4B3E1CB5-2472-2104-496E-A9C8A8C776E2" otype="Table" vid="B0531CA1-2265-CC37-7233-F485893EB647">
<hideElementsInCurrentOnly>false</hideElementsInCurrentOnly>
<bounds x="583" y="788" width="290" height="187"/>
</OView>
<OView class="oracle.dbtools.crest.swingui.relational.TVTable" oid="613CEA30-272E-5B33-D5D9-F1DCA5C7F59A" otype="Table" vid="7B53EC9D-1359-2948-7E3B-607F7EDAFDEC">
<hideElementsInCurrentOnly>false</hideElementsInCurrentOnly>
<bounds x="34" y="567" width="219" height="136"/>
</OView>
<OView class="oracle.dbtools.crest.swingui.relational.TVTable" oid="74F459BB-5D26-110B-818F-720C5675DDDA" otype="Table" vid="4BE6122D-4588-DC6B-17D9-DEA0BEC4C4C1">
<hideElementsInCurrentOnly>false</hideElementsInCurrentOnly>
<bounds x="327" y="183" width="229" height="179"/>
</OView>
<OView class="oracle.dbtools.crest.swingui.relational.TVTable" oid="837E3C50-1E30-D433-40CE-C55F27775E5A" otype="Table" vid="76757F6B-A49B-9C6B-D723-7FA7F22F7839">
<hideElementsInCurrentOnly>false</hideElementsInCurrentOnly>
<bounds x="162" y="774" width="239" height="133"/>
</OView>
<OView class="oracle.dbtools.crest.swingui.relational.TVTable" oid="8706F79E-336D-2BE9-BC43-61BFE4E7F918" otype="Table" vid="989759EB-CC58-5F0D-685D-D0B9F5971C2C">
<hideElementsInCurrentOnly>false</hideElementsInCurrentOnly>
<bounds x="588" y="586" width="288" height="144"/>
</OView>
<OView class="oracle.dbtools.crest.swingui.relational.TVTable" oid="A18C03AD-D336-5D87-617D-0CEF439F8BB0" otype="Table" vid="CE7970DE-297A-5DF5-E069-90D42E097281">
<hideElementsInCurrentOnly>false</hideElementsInCurrentOnly>
<bounds x="288" y="569" width="235" height="131"/>
</OView>
<OView class="oracle.dbtools.crest.swingui.relational.TVTable" oid="AD58C2FB-D684-1DB4-46D5-8FBA25249004" otype="Table" vid="70CEA372-7284-BAD2-8613-42067BF2D975">
<hideElementsInCurrentOnly>false</hideElementsInCurrentOnly>
<bounds x="929" y="600" width="192" height="122"/>
</OView>
<OView class="oracle.dbtools.crest.swingui.relational.TVTable" oid="C6ABEB4E-7966-241B-CC1D-E99C6474E8C0" otype="Table" vid="22704463-31CD-BE9E-EE77-E4121E557DE5">
<hideElementsInCurrentOnly>false</hideElementsInCurrentOnly>
<bounds x="615" y="186" width="228" height="177"/>
</OView>
<OView class="oracle.dbtools.crest.swingui.relational.TVTable" oid="DA5BC36A-2D7C-C1D5-014F-5C00A1BA55F3" otype="Table" vid="64DDC2D6-E4E8-4850-E97B-F2DE363F1AD9">
<hideElementsInCurrentOnly>false</hideElementsInCurrentOnly>
<bounds x="307" y="414" width="222" height="136"/>
</OView>
<OView class="oracle.dbtools.crest.swingui.relational.TVTable" oid="E06642A9-4D0A-5A4E-12D6-8CE4FA219938" otype="Table" vid="45AAC827-C09A-1C2D-64FD-0783FAA1E5D3">
<hideElementsInCurrentOnly>false</hideElementsInCurrentOnly>
<bounds x="602" y="0" width="265" height="156"/>
</OView>
</objectViews>
<connectors>
<Connector class="oracle.dbtools.crest.swingui.relational.TVFKRelation" oid="03B10299-383D-A598-BA37-943D22883676" otype="FKIndexAssociation" vid_source="76757F6B-A49B-9C6B-D723-7FA7F22F7839" vid_target="B0531CA1-2265-CC37-7233-F485893EB647">
<hideElementsInCurrentOnly>false</hideElementsInCurrentOnly>
<backgroundColor>-16777216</backgroundColor>
<lineWidth>1</lineWidth>
<points>
<point x="401" y="847"/>
<point x="583" y="847"/>
</points>
</Connector>
<Connector class="oracle.dbtools.crest.swingui.relational.TVFKRelation" oid="083617EA-2C29-92CF-A3B6-478F0A7894C3" otype="FKIndexAssociation" vid_source="CE7970DE-297A-5DF5-E069-90D42E097281" vid_target="76757F6B-A49B-9C6B-D723-7FA7F22F7839">
<hideElementsInCurrentOnly>false</hideElementsInCurrentOnly>
<backgroundColor>-16777216</backgroundColor>
<lineWidth>1</lineWidth>
<points>
<point x="344" y="700"/>
<point x="344" y="774"/>
</points>
</Connector>
<Connector class="oracle.dbtools.crest.swingui.relational.TVFKRelation" oid="0C397DD8-7277-5248-0A7E-5CE1FC6ACAE3" otype="FKIndexAssociation" vid_source="64DDC2D6-E4E8-4850-E97B-F2DE363F1AD9" vid_target="EF35C7DD-62A2-5052-672C-67BB4B1A5E33">
<hideElementsInCurrentOnly>false</hideElementsInCurrentOnly>
<backgroundColor>-16777216</backgroundColor>
<lineWidth>1</lineWidth>
<points>
<point x="529" y="482"/>
<point x="589" y="482"/>
</points>
</Connector>
<Connector class="oracle.dbtools.crest.swingui.relational.TVFKRelation" oid="11E38EF8-2867-F675-CE0A-18B7FF1DC453" otype="FKIndexAssociation" vid_source="ADC74677-CEED-DD85-51C0-7581813D8F7C" vid_target="EA20D7B1-6B64-8F11-32CD-0E179246547C">
<hideElementsInCurrentOnly>false</hideElementsInCurrentOnly>
<backgroundColor>-16777216</backgroundColor>
<lineWidth>1</lineWidth>
<points>
<point x="1139" y="376"/>
<point x="1139" y="786"/>
</points>
</Connector>
<Connector class="oracle.dbtools.crest.swingui.relational.TVFKRelation" oid="26F47B7D-8AE2-9B3C-1900-8BC1B9C7F49D" otype="FKIndexAssociation" vid_source="989759EB-CC58-5F0D-685D-D0B9F5971C2C" vid_target="B0531CA1-2265-CC37-7233-F485893EB647">
<hideElementsInCurrentOnly>false</hideElementsInCurrentOnly>
<backgroundColor>-16777216</backgroundColor>
<lineWidth>1</lineWidth>
<points>
<point x="730" y="730"/>
<point x="730" y="788"/>
</points>
</Connector>
<Connector class="oracle.dbtools.crest.swingui.relational.TVFKRelation" oid="333B88DF-F1B7-1BC4-960A-12021B445E17" otype="FKIndexAssociation" vid_source="64DDC2D6-E4E8-4850-E97B-F2DE363F1AD9" vid_target="989759EB-CC58-5F0D-685D-D0B9F5971C2C">
<hideElementsInCurrentOnly>false</hideElementsInCurrentOnly>
<backgroundColor>-16777216</backgroundColor>
<lineWidth>1</lineWidth>
<points>
<point x="529" y="544"/>
<point x="603" y="586"/>
</points>
</Connector>
<Connector class="oracle.dbtools.crest.swingui.relational.TVFKRelation" oid="49D69806-B393-2ACA-6300-4827D1DE729C" otype="FKIndexAssociation" vid_source="7B53EC9D-1359-2948-7E3B-607F7EDAFDEC" vid_target="76757F6B-A49B-9C6B-D723-7FA7F22F7839">
<hideElementsInCurrentOnly>false</hideElementsInCurrentOnly>
<backgroundColor>-16777216</backgroundColor>
<lineWidth>1</lineWidth>
<points>
<point x="207" y="703"/>
<point x="207" y="774"/>
</points>
</Connector>
<Connector class="oracle.dbtools.crest.swingui.relational.TVFKRelation" oid="56D4F1DA-D1A4-BD45-C4BE-811BF99FD0AC" otype="FKIndexAssociation" vid_source="4BE6122D-4588-DC6B-17D9-DEA0BEC4C4C1" vid_target="22704463-31CD-BE9E-EE77-E4121E557DE5">
<hideElementsInCurrentOnly>false</hideElementsInCurrentOnly>
<backgroundColor>-16777216</backgroundColor>
<lineWidth>1</lineWidth>
<points>
<point x="476" y="274"/>
<point x="615" y="274"/>
</points>
</Connector>
<Connector class="oracle.dbtools.crest.swingui.relational.TVFKRelation" oid="5EAF4594-5E4A-4F32-BB5B-D9C909038F32" otype="FKIndexAssociation" vid_source="D4B169E6-99AE-6A0F-06C5-DA0DC6613F6A" vid_target="4BE6122D-4588-DC6B-17D9-DEA0BEC4C4C1">
<hideElementsInCurrentOnly>false</hideElementsInCurrentOnly>
<backgroundColor>-16777216</backgroundColor>
<lineWidth>1</lineWidth>
<points>
<point x="259" y="279"/>
<point x="358" y="279"/>
</points>
</Connector>
<Connector class="oracle.dbtools.crest.swingui.relational.TVFKRelation" oid="68740556-AFBD-6EC7-AD96-2A682E2DC90F" otype="FKIndexAssociation" vid_source="EF35C7DD-62A2-5052-672C-67BB4B1A5E33" vid_target="ADC74677-CEED-DD85-51C0-7581813D8F7C">
<hideElementsInCurrentOnly>false</hideElementsInCurrentOnly>
<backgroundColor>-16777216</backgroundColor>
<lineWidth>1</lineWidth>
<points>
<point x="862" y="412"/>
<point x="954" y="360"/>
</points>
</Connector>
<Connector class="oracle.dbtools.crest.swingui.relational.TVFKRelation" oid="836A39D7-3C55-5DF3-3A07-5B982D47E271" otype="FKIndexAssociation" vid_source="22704463-31CD-BE9E-EE77-E4121E557DE5" vid_target="45AAC827-C09A-1C2D-64FD-0783FAA1E5D3">
<hideElementsInCurrentOnly>false</hideElementsInCurrentOnly>
<backgroundColor>-16777216</backgroundColor>
<lineWidth>1</lineWidth>
<points>
<point x="729" y="186"/>
<point x="729" y="156"/>
</points>
</Connector>
<Connector class="oracle.dbtools.crest.swingui.relational.TVFKRelation" oid="93C61919-D146-2F4D-8F89-FBAA85916EAD" otype="FKIndexAssociation" vid_source="70CEA372-7284-BAD2-8613-42067BF2D975" vid_target="1292F3C4-D7BE-F972-A52C-F4F892E33E5F">
<hideElementsInCurrentOnly>false</hideElementsInCurrentOnly>
<backgroundColor>-16777216</backgroundColor>
<lineWidth>1</lineWidth>
<points>
<point x="1020" y="600"/>
<point x="1020" y="554"/>
</points>
</Connector>
<Connector class="oracle.dbtools.crest.swingui.relational.TVFKRelation" oid="9DA9F3DE-ED14-8ECA-B4CD-1A4E10AECE13" otype="FKIndexAssociation" vid_source="D4B169E6-99AE-6A0F-06C5-DA0DC6613F6A" vid_target="64DDC2D6-E4E8-4850-E97B-F2DE363F1AD9">
<hideElementsInCurrentOnly>false</hideElementsInCurrentOnly>
<backgroundColor>-16777216</backgroundColor>
<lineWidth>1</lineWidth>
<points>
<point x="259" y="364"/>
<point x="325" y="414"/>
</points>
</Connector>
<Connector class="oracle.dbtools.crest.swingui.relational.TVFKRelation" oid="9E5B280E-5547-6A1E-6FA1-B6B2A4F1F5E6" otype="FKIndexAssociation" vid_source="70CEA372-7284-BAD2-8613-42067BF2D975" vid_target="989759EB-CC58-5F0D-685D-D0B9F5971C2C">
<hideElementsInCurrentOnly>false</hideElementsInCurrentOnly>
<backgroundColor>-16777216</backgroundColor>
<lineWidth>1</lineWidth>
<points>
<point x="929" y="661"/>
<point x="876" y="661"/>
</points>
</Connector>
<Connector class="oracle.dbtools.crest.swingui.relational.TVFKRelation" oid="9E653FE9-7923-3312-7DA6-76D6C606D226" otype="FKIndexAssociation" vid_source="1292F3C4-D7BE-F972-A52C-F4F892E33E5F" vid_target="EF35C7DD-62A2-5052-672C-67BB4B1A5E33">
<hideElementsInCurrentOnly>false</hideElementsInCurrentOnly>
<backgroundColor>-16777216</backgroundColor>
<lineWidth>1</lineWidth>
<points>
<point x="923" y="485"/>
<point x="872" y="485"/>
</points>
</Connector>
<Connector class="oracle.dbtools.crest.swingui.relational.TVFKRelation" oid="B2D96653-D150-2E3C-0395-E25376DD3A88" otype="FKIndexAssociation" vid_source="B0531CA1-2265-CC37-7233-F485893EB647" vid_target="EA20D7B1-6B64-8F11-32CD-0E179246547C">
<hideElementsInCurrentOnly>false</hideElementsInCurrentOnly>
<backgroundColor>-16777216</backgroundColor>
<lineWidth>1</lineWidth>
<points>
<point x="873" y="860"/>
<point x="1048" y="860"/>
</points>
</Connector>
<Connector class="oracle.dbtools.crest.swingui.relational.TVFKRelation" oid="E0535EE0-C40A-FE56-8B4F-ED58A0B24797" otype="FKIndexAssociation" vid_source="22704463-31CD-BE9E-EE77-E4121E557DE5" vid_target="ADC74677-CEED-DD85-51C0-7581813D8F7C">
<hideElementsInCurrentOnly>false</hideElementsInCurrentOnly>
<backgroundColor>-16777216</backgroundColor>
<lineWidth>1</lineWidth>
<points>
<point x="843" y="275"/>
<point x="954" y="275"/>
</points>
</Connector>
</connectors>
</Diagram>
