<?xml version = '1.0' encoding = 'UTF-8'?>
<Diagram class="oracle.dbtools.crest.swingui.logical.DPVLogical" name="Logical" id="87EBC2EC-7B92-83B6-7889-61214472C1B1">
<createdBy>A01-Group005</createdBy>
<modifiedBy>A01-Group005</modifiedBy>
<createdTime>2023-04-27 06:08:31 UTC</createdTime>
<autoRoute>false</autoRoute>
<boxInbox>true</boxInbox>
<showLegend>true</showLegend>
<showLabels>true</showLabels>
<showRelAttributes>false</showRelAttributes>
<gridEnabled>false</gridEnabled>
<showGrid>false</showGrid>
<diagramColor>-1</diagramColor>
<display>false</display>
<notation>2</notation>
<showAllDetails>false</showAllDetails>
<showElements>true</showElements>
<objectViews>
<OView class="oracle.dbtools.crest.swingui.logical.TVEntity" oid="1187EEC6-0CB3-72CE-E554-A12DFDEFA4C5" otype="Entity" vid="3D858B4F-0A8D-B69F-BE40-60AF1B60BEA1">
<hideElementsInCurrentOnly>false</hideElementsInCurrentOnly>
<bounds x="533" y="723" width="170" height="110"/>
</OView>
<OView class="oracle.dbtools.crest.swingui.logical.TVEntity" oid="1D6CE21C-5315-C7CA-C19C-EA537F084182" otype="Entity" vid="E6B4D7E0-97B1-C78A-1645-6F9D0284B591">
<hideElementsInCurrentOnly>false</hideElementsInCurrentOnly>
<bounds x="46" y="533" width="170" height="110"/>
</OView>
<OView class="oracle.dbtools.crest.swingui.logical.TVEntity" oid="4006B651-F47C-F4C6-8842-3D9F4AC82DA6" otype="Entity" vid="6988E7E8-9D22-672B-9D1F-17FD147D895C">
<hideElementsInCurrentOnly>false</hideElementsInCurrentOnly>
<bounds x="582" y="8" width="124" height="110"/>
</OView>
<OView class="oracle.dbtools.crest.swingui.logical.TVEntity" oid="52080582-F4E4-E454-E32C-A5207D889C66" otype="Entity" vid="5D89A9AC-37EC-7396-8BB8-0183EF7F325D">
<hideElementsInCurrentOnly>false</hideElementsInCurrentOnly>
<bounds x="877" y="728" width="170" height="110"/>
</OView>
<OView class="oracle.dbtools.crest.swingui.logical.TVEntity" oid="54D28FEC-AC84-04D1-894A-CA81121398DC" otype="Entity" vid="4F50699F-2F66-5DED-2C94-B46FC4F95520">
<hideElementsInCurrentOnly>false</hideElementsInCurrentOnly>
<bounds x="571" y="189" width="140" height="110"/>
</OView>
<OView class="oracle.dbtools.crest.swingui.logical.TVEntity" oid="556B6419-1821-39D3-C221-2632E717EC52" otype="Entity" vid="3F939A30-23EE-CDF0-D401-384008647AA5">
<hideElementsInCurrentOnly>false</hideElementsInCurrentOnly>
<bounds x="274" y="534" width="170" height="110"/>
</OView>
<OView class="oracle.dbtools.crest.swingui.logical.TVEntity" oid="73550790-6C09-C6B5-CFA5-CEE514692901" otype="Entity" vid="CF5EBD4A-6E57-CA68-8E61-217C47118B33">
<hideElementsInCurrentOnly>false</hideElementsInCurrentOnly>
<bounds x="798" y="569" width="139" height="84"/>
</OView>
<OView class="oracle.dbtools.crest.swingui.TVLegend" oid="75C04C9E-D693-1741-7C66-59B735C6E363" otype="Legend" vid="655E02B8-AA69-1F33-8312-373A673F4331">
<hideElementsInCurrentOnly>false</hideElementsInCurrentOnly>
<bounds x="10" y="10" width="232" height="135"/>
</OView>
<OView class="oracle.dbtools.crest.swingui.logical.TVEntity" oid="87CD36F0-8C22-3BE2-35B8-88985E10F1B7" otype="Entity" vid="1698E174-0803-A027-2727-9012C19D11E7">
<hideElementsInCurrentOnly>false</hideElementsInCurrentOnly>
<bounds x="895" y="170" width="156" height="137"/>
</OView>
<OView class="oracle.dbtools.crest.swingui.logical.TVEntity" oid="9E380116-5788-02AD-AD5E-F009E9F82862" otype="Entity" vid="747DC321-46B1-CF1D-EBA2-1403A118DA4C">
<hideElementsInCurrentOnly>false</hideElementsInCurrentOnly>
<bounds x="147" y="185" width="127" height="110"/>
</OView>
<OView class="oracle.dbtools.crest.swingui.logical.TVEntity" oid="C2256C85-5194-F683-D452-0CB82899E064" otype="Entity" vid="B2C16FC9-980D-0889-F70A-5378B1FEAFA6">
<hideElementsInCurrentOnly>false</hideElementsInCurrentOnly>
<bounds x="547" y="547" width="156" height="99"/>
</OView>
<OView class="oracle.dbtools.crest.swingui.logical.TVEntity" oid="C7862ACC-FAFE-2AB4-B556-ECD9A7A82F46" otype="Entity" vid="FC7B17CD-F9B1-EC13-1134-2D330860F924">
<hideElementsInCurrentOnly>false</hideElementsInCurrentOnly>
<bounds x="141" y="725" width="170" height="64"/>
</OView>
<OView class="oracle.dbtools.crest.swingui.logical.TVEntity" oid="C787188C-CDF1-3EDB-3497-091EF5405E77" otype="Entity" vid="AF9F4AC5-E6AB-48A5-EED7-72A2C337403E">
<hideElementsInCurrentOnly>false</hideElementsInCurrentOnly>
<bounds x="789" y="384" width="141" height="79"/>
</OView>
<OView class="oracle.dbtools.crest.swingui.logical.TVEntity" oid="CEF05629-D13D-EFA0-38F9-83A100FADE15" otype="Entity" vid="91186FEB-4736-1992-793F-7E91FA47D96A">
<hideElementsInCurrentOnly>false</hideElementsInCurrentOnly>
<bounds x="567" y="381" width="139" height="90"/>
</OView>
<OView class="oracle.dbtools.crest.swingui.logical.TVEntity" oid="DF5CB366-53D6-6A89-D405-13CE6B76CFCD" otype="Entity" vid="900053C8-5084-FB2F-F1D7-176D8ABF9365">
<hideElementsInCurrentOnly>false</hideElementsInCurrentOnly>
<bounds x="358" y="194" width="118" height="110"/>
</OView>
<OView class="oracle.dbtools.crest.swingui.logical.TVEntity" oid="E5287D58-38F6-6148-9A7A-BCE167714638" otype="Entity" vid="18142E6F-5559-03BA-3422-AE71C07A040C">
<hideElementsInCurrentOnly>false</hideElementsInCurrentOnly>
<bounds x="311" y="382" width="158" height="88"/>
</OView>
</objectViews>
<connectors>
<Connector class="oracle.dbtools.crest.swingui.logical.TVRelation" oid="0A1906BC-778B-0D95-E1F2-4AA8D532DDDD" otype="Relation" vid_source="FC7B17CD-F9B1-EC13-1134-2D330860F924" vid_target="3D858B4F-0A8D-B69F-BE40-60AF1B60BEA1">
<hideElementsInCurrentOnly>false</hideElementsInCurrentOnly>
<backgroundColor>-16777216</backgroundColor>
<lineWidth>1</lineWidth>
<sourceLabel class="oracle.dbtools.crest.model.design.Label">
<site>0</site>
<labelBounds x="321" y="727" width="62" height="30"/>
<noBackgroundColor>true</noBackgroundColor>
<noForegroundColor>true</noForegroundColor>
</sourceLabel>
<targetLabel class="oracle.dbtools.crest.model.design.Label">
<site>2</site>
<labelBounds x="509" y="760" width="18" height="30"/>
<noBackgroundColor>true</noBackgroundColor>
<noForegroundColor>true</noForegroundColor>
</targetLabel>
<points>
<point x="311" y="757"/>
<point x="533" y="757"/>
</points>
</Connector>
<Connector class="oracle.dbtools.crest.swingui.logical.TVRelation" oid="0DA1F09E-E48F-FF93-F6B2-D8E06C63FC0E" otype="Relation" vid_source="CF5EBD4A-6E57-CA68-8E61-217C47118B33" vid_target="AF9F4AC5-E6AB-48A5-EED7-72A2C337403E">
<hideElementsInCurrentOnly>false</hideElementsInCurrentOnly>
<backgroundColor>-16777216</backgroundColor>
<lineWidth>1</lineWidth>
<sourceLabel class="oracle.dbtools.crest.model.design.Label">
<site>0</site>
<labelBounds x="864" y="533" width="24" height="30"/>
<noBackgroundColor>true</noBackgroundColor>
<noForegroundColor>true</noForegroundColor>
</sourceLabel>
<targetLabel class="oracle.dbtools.crest.model.design.Label">
<site>2</site>
<labelBounds x="864" y="499" width="18" height="30"/>
<noBackgroundColor>true</noBackgroundColor>
<noForegroundColor>true</noForegroundColor>
</targetLabel>
<points>
<point x="864" y="569"/>
<point x="864" y="463"/>
</points>
</Connector>
<Connector class="oracle.dbtools.crest.swingui.logical.TVRelation" oid="20F5A63D-98ED-9E0E-E57B-E7D112858A3A" otype="Relation" vid_source="4F50699F-2F66-5DED-2C94-B46FC4F95520" vid_target="6988E7E8-9D22-672B-9D1F-17FD147D895C">
<hideElementsInCurrentOnly>false</hideElementsInCurrentOnly>
<backgroundColor>-16777216</backgroundColor>
<lineWidth>1</lineWidth>
<sourceLabel class="oracle.dbtools.crest.model.design.Label">
<site>0</site>
<labelBounds x="644" y="153" width="18" height="30"/>
<noBackgroundColor>true</noBackgroundColor>
<noForegroundColor>true</noForegroundColor>
</sourceLabel>
<targetLabel class="oracle.dbtools.crest.model.design.Label">
<site>2</site>
<labelBounds x="644" y="154" width="38" height="30"/>
<noBackgroundColor>true</noBackgroundColor>
<noForegroundColor>true</noForegroundColor>
</targetLabel>
<points>
<point x="644" y="189"/>
<point x="644" y="118"/>
</points>
</Connector>
<Connector class="oracle.dbtools.crest.swingui.logical.TVRelation" oid="426C63E2-896C-47B4-562F-E2B7266961D8" otype="Relation" vid_source="3F939A30-23EE-CDF0-D401-384008647AA5" vid_target="FC7B17CD-F9B1-EC13-1134-2D330860F924">
<hideElementsInCurrentOnly>false</hideElementsInCurrentOnly>
<backgroundColor>-16777216</backgroundColor>
<lineWidth>1</lineWidth>
<sourceLabel class="oracle.dbtools.crest.model.design.Label">
<site>0</site>
<labelBounds x="292" y="680" width="70" height="30"/>
<noBackgroundColor>true</noBackgroundColor>
<noForegroundColor>true</noForegroundColor>
</sourceLabel>
<targetLabel class="oracle.dbtools.crest.model.design.Label">
<site>2</site>
<labelBounds x="292" y="681" width="18" height="30"/>
<noBackgroundColor>true</noBackgroundColor>
<noForegroundColor>true</noForegroundColor>
</targetLabel>
<points>
<point x="292" y="644"/>
<point x="292" y="725"/>
</points>
</Connector>
<Connector class="oracle.dbtools.crest.swingui.logical.TVRelation" oid="4635AC26-6AF4-4397-0F39-8FBF0972DC7E" otype="Relation" vid_source="3D858B4F-0A8D-B69F-BE40-60AF1B60BEA1" vid_target="5D89A9AC-37EC-7396-8BB8-0183EF7F325D">
<hideElementsInCurrentOnly>false</hideElementsInCurrentOnly>
<backgroundColor>-16777216</backgroundColor>
<lineWidth>1</lineWidth>
<sourceLabel class="oracle.dbtools.crest.model.design.Label">
<site>0</site>
<labelBounds x="713" y="750" width="55" height="30"/>
<noBackgroundColor>true</noBackgroundColor>
<noForegroundColor>true</noForegroundColor>
</sourceLabel>
<targetLabel class="oracle.dbtools.crest.model.design.Label">
<site>2</site>
<labelBounds x="853" y="783" width="18" height="30"/>
<noBackgroundColor>true</noBackgroundColor>
<noForegroundColor>true</noForegroundColor>
</targetLabel>
<points>
<point x="703" y="780"/>
<point x="877" y="780"/>
</points>
</Connector>
<Connector class="oracle.dbtools.crest.swingui.logical.TVRelation" oid="4983FC2D-335D-E054-8FC8-577F7924E0ED" otype="Relation" vid_source="1698E174-0803-A027-2727-9012C19D11E7" vid_target="5D89A9AC-37EC-7396-8BB8-0183EF7F325D">
<hideElementsInCurrentOnly>false</hideElementsInCurrentOnly>
<backgroundColor>-16777216</backgroundColor>
<lineWidth>1</lineWidth>
<sourceLabel class="oracle.dbtools.crest.model.design.Label">
<site>0</site>
<labelBounds x="971" y="343" width="90" height="30"/>
<noBackgroundColor>true</noBackgroundColor>
<noForegroundColor>true</noForegroundColor>
</sourceLabel>
<targetLabel class="oracle.dbtools.crest.model.design.Label">
<site>2</site>
<labelBounds x="971" y="685" width="18" height="29"/>
<noBackgroundColor>true</noBackgroundColor>
<noForegroundColor>true</noForegroundColor>
</targetLabel>
<points>
<point x="971" y="307"/>
<point x="971" y="728"/>
</points>
</Connector>
<Connector class="oracle.dbtools.crest.swingui.logical.TVRelation" oid="62617BC4-91B4-5FED-9F1B-3AB1CD2E41B2" otype="Relation" vid_source="AF9F4AC5-E6AB-48A5-EED7-72A2C337403E" vid_target="91186FEB-4736-1992-793F-7E91FA47D96A">
<hideElementsInCurrentOnly>false</hideElementsInCurrentOnly>
<backgroundColor>-16777216</backgroundColor>
<lineWidth>1</lineWidth>
<sourceLabel class="oracle.dbtools.crest.model.design.Label">
<site>0</site>
<labelBounds x="690" y="393" width="93" height="30"/>
<noBackgroundColor>true</noBackgroundColor>
<noForegroundColor>true</noForegroundColor>
</sourceLabel>
<targetLabel class="oracle.dbtools.crest.model.design.Label">
<site>2</site>
<labelBounds x="716" y="426" width="17" height="30"/>
<noBackgroundColor>true</noBackgroundColor>
<noForegroundColor>true</noForegroundColor>
</targetLabel>
<points>
<point x="789" y="423"/>
<point x="706" y="423"/>
</points>
</Connector>
<Connector class="oracle.dbtools.crest.swingui.logical.TVRelation" oid="64F82AFA-A69A-8983-0E5D-C735A8761E93" otype="Relation" vid_source="747DC321-46B1-CF1D-EBA2-1403A118DA4C" vid_target="900053C8-5084-FB2F-F1D7-176D8ABF9365">
<hideElementsInCurrentOnly>false</hideElementsInCurrentOnly>
<backgroundColor>-16777216</backgroundColor>
<lineWidth>1</lineWidth>
<sourceLabel class="oracle.dbtools.crest.model.design.Label">
<site>0</site>
<labelBounds x="284" y="214" width="55" height="30"/>
<noBackgroundColor>true</noBackgroundColor>
<noForegroundColor>true</noForegroundColor>
</sourceLabel>
<targetLabel class="oracle.dbtools.crest.model.design.Label">
<site>2</site>
<labelBounds x="334" y="247" width="18" height="30"/>
<noBackgroundColor>true</noBackgroundColor>
<noForegroundColor>true</noForegroundColor>
</targetLabel>
<points>
<point x="274" y="244"/>
<point x="358" y="244"/>
</points>
</Connector>
<Connector class="oracle.dbtools.crest.swingui.logical.TVRelation" oid="7F82BEDC-04D0-6507-C831-E62F7C93D1DA" otype="Relation" vid_source="E6B4D7E0-97B1-C78A-1645-6F9D0284B591" vid_target="FC7B17CD-F9B1-EC13-1134-2D330860F924">
<hideElementsInCurrentOnly>false</hideElementsInCurrentOnly>
<backgroundColor>-16777216</backgroundColor>
<lineWidth>1</lineWidth>
<sourceLabel class="oracle.dbtools.crest.model.design.Label">
<site>0</site>
<labelBounds x="178" y="679" width="70" height="30"/>
<noBackgroundColor>true</noBackgroundColor>
<noForegroundColor>true</noForegroundColor>
</sourceLabel>
<targetLabel class="oracle.dbtools.crest.model.design.Label">
<site>2</site>
<labelBounds x="178" y="673" width="18" height="30"/>
<noBackgroundColor>true</noBackgroundColor>
<noForegroundColor>true</noForegroundColor>
</targetLabel>
<points>
<point x="178" y="643"/>
<point x="178" y="725"/>
</points>
</Connector>
<Connector class="oracle.dbtools.crest.swingui.logical.TVRelation" oid="9E85DA1E-DEFC-F65B-0B49-F3F7B4CA0B50" otype="Relation" vid_source="18142E6F-5559-03BA-3422-AE71C07A040C" vid_target="91186FEB-4736-1992-793F-7E91FA47D96A">
<hideElementsInCurrentOnly>false</hideElementsInCurrentOnly>
<backgroundColor>-16777216</backgroundColor>
<lineWidth>1</lineWidth>
<sourceLabel class="oracle.dbtools.crest.model.design.Label">
<site>0</site>
<labelBounds x="479" y="396" width="55" height="30"/>
<noBackgroundColor>true</noBackgroundColor>
<noForegroundColor>true</noForegroundColor>
</sourceLabel>
<targetLabel class="oracle.dbtools.crest.model.design.Label">
<site>2</site>
<labelBounds x="543" y="429" width="18" height="30"/>
<noBackgroundColor>true</noBackgroundColor>
<noForegroundColor>true</noForegroundColor>
</targetLabel>
<points>
<point x="469" y="426"/>
<point x="567" y="426"/>
</points>
</Connector>
<Connector class="oracle.dbtools.crest.swingui.logical.TVRelation" oid="A4A8D1B1-CF17-2790-D836-52A5F201C4E8" otype="Relation" vid_source="91186FEB-4736-1992-793F-7E91FA47D96A" vid_target="1698E174-0803-A027-2727-9012C19D11E7">
<hideElementsInCurrentOnly>false</hideElementsInCurrentOnly>
<backgroundColor>-16777216</backgroundColor>
<lineWidth>1</lineWidth>
<sourceLabel class="oracle.dbtools.crest.model.design.Label">
<site>0</site>
<labelBounds x="716" y="387" width="53" height="30"/>
<noBackgroundColor>true</noBackgroundColor>
<noForegroundColor>true</noForegroundColor>
</sourceLabel>
<targetLabel class="oracle.dbtools.crest.model.design.Label">
<site>2</site>
<labelBounds x="871" y="281" width="18" height="30"/>
<noBackgroundColor>true</noBackgroundColor>
<noForegroundColor>true</noForegroundColor>
</targetLabel>
<points>
<point x="706" y="387"/>
<point x="783" y="323"/>
</points>
</Connector>
<Connector class="oracle.dbtools.crest.swingui.logical.TVRelation" oid="A50C904A-7176-012B-6DA3-6F4DBE5AA126" otype="Relation" vid_source="B2C16FC9-980D-0889-F70A-5378B1FEAFA6" vid_target="3D858B4F-0A8D-B69F-BE40-60AF1B60BEA1">
<hideElementsInCurrentOnly>false</hideElementsInCurrentOnly>
<backgroundColor>-16777216</backgroundColor>
<lineWidth>1</lineWidth>
<sourceLabel class="oracle.dbtools.crest.model.design.Label">
<site>0</site>
<labelBounds x="625" y="682" width="59" height="30"/>
<noBackgroundColor>true</noBackgroundColor>
<noForegroundColor>true</noForegroundColor>
</sourceLabel>
<targetLabel class="oracle.dbtools.crest.model.design.Label">
<site>2</site>
<labelBounds x="625" y="671" width="21" height="30"/>
<noBackgroundColor>true</noBackgroundColor>
<noForegroundColor>true</noForegroundColor>
</targetLabel>
<points>
<point x="625" y="646"/>
<point x="625" y="723"/>
</points>
</Connector>
<Connector class="oracle.dbtools.crest.swingui.logical.TVRelation" oid="AEA82C7C-C366-1AD9-FA61-4A90FC8ED971" otype="Relation" vid_source="4F50699F-2F66-5DED-2C94-B46FC4F95520" vid_target="1698E174-0803-A027-2727-9012C19D11E7">
<hideElementsInCurrentOnly>false</hideElementsInCurrentOnly>
<backgroundColor>-16777216</backgroundColor>
<lineWidth>1</lineWidth>
<sourceLabel class="oracle.dbtools.crest.model.design.Label">
<site>0</site>
<labelBounds x="721" y="214" width="31" height="30"/>
<noBackgroundColor>true</noBackgroundColor>
<noForegroundColor>true</noForegroundColor>
</sourceLabel>
<targetLabel class="oracle.dbtools.crest.model.design.Label">
<site>2</site>
<labelBounds x="871" y="247" width="18" height="30"/>
<noBackgroundColor>true</noBackgroundColor>
<noForegroundColor>true</noForegroundColor>
</targetLabel>
<points>
<point x="711" y="244"/>
<point x="895" y="244"/>
</points>
</Connector>
<Connector class="oracle.dbtools.crest.swingui.logical.TVRelation" oid="B234247C-5B44-533F-7834-1DF54E714AC3" otype="Relation" vid_source="900053C8-5084-FB2F-F1D7-176D8ABF9365" vid_target="4F50699F-2F66-5DED-2C94-B46FC4F95520">
<hideElementsInCurrentOnly>false</hideElementsInCurrentOnly>
<backgroundColor>-16777216</backgroundColor>
<lineWidth>1</lineWidth>
<sourceLabel class="oracle.dbtools.crest.model.design.Label">
<site>0</site>
<labelBounds x="486" y="216" width="55" height="30"/>
<noBackgroundColor>true</noBackgroundColor>
<noForegroundColor>true</noForegroundColor>
</sourceLabel>
<targetLabel class="oracle.dbtools.crest.model.design.Label">
<site>2</site>
<labelBounds x="547" y="249" width="18" height="30"/>
<noBackgroundColor>true</noBackgroundColor>
<noForegroundColor>true</noForegroundColor>
</targetLabel>
<points>
<point x="476" y="246"/>
<point x="571" y="246"/>
</points>
</Connector>
<Connector class="oracle.dbtools.crest.swingui.logical.TVRelation" oid="C3BCE4A2-7E7C-CE61-DC63-66FA017A790C" otype="Relation" vid_source="CF5EBD4A-6E57-CA68-8E61-217C47118B33" vid_target="B2C16FC9-980D-0889-F70A-5378B1FEAFA6">
<hideElementsInCurrentOnly>false</hideElementsInCurrentOnly>
<backgroundColor>-16777216</backgroundColor>
<lineWidth>1</lineWidth>
<sourceLabel class="oracle.dbtools.crest.model.design.Label">
<site>0</site>
<labelBounds x="725" y="577" width="67" height="30"/>
<noBackgroundColor>true</noBackgroundColor>
<noForegroundColor>true</noForegroundColor>
</sourceLabel>
<targetLabel class="oracle.dbtools.crest.model.design.Label">
<site>2</site>
<labelBounds x="713" y="610" width="18" height="30"/>
<noBackgroundColor>true</noBackgroundColor>
<noForegroundColor>true</noForegroundColor>
</targetLabel>
<points>
<point x="798" y="607"/>
<point x="703" y="607"/>
</points>
</Connector>
<Connector class="oracle.dbtools.crest.swingui.logical.TVRelation" oid="E9AC48A1-3A68-BFC5-34CE-DA79AADC19CF" otype="Relation" vid_source="747DC321-46B1-CF1D-EBA2-1403A118DA4C" vid_target="18142E6F-5559-03BA-3422-AE71C07A040C">
<hideElementsInCurrentOnly>false</hideElementsInCurrentOnly>
<backgroundColor>-16777216</backgroundColor>
<lineWidth>1</lineWidth>
<sourceLabel class="oracle.dbtools.crest.model.design.Label">
<site>0</site>
<labelBounds x="263" y="331" width="38" height="30"/>
<noBackgroundColor>true</noBackgroundColor>
<noForegroundColor>true</noForegroundColor>
</sourceLabel>
<targetLabel class="oracle.dbtools.crest.model.design.Label">
<site>2</site>
<labelBounds x="347" y="346" width="21" height="30"/>
<noBackgroundColor>true</noBackgroundColor>
<noForegroundColor>true</noForegroundColor>
</targetLabel>
<points>
<point x="263" y="295"/>
<point x="347" y="382"/>
</points>
</Connector>
<Connector class="oracle.dbtools.crest.swingui.logical.TVRelation" oid="F98F1542-A179-FA97-FE81-CBDB785F229E" otype="Relation" vid_source="18142E6F-5559-03BA-3422-AE71C07A040C" vid_target="B2C16FC9-980D-0889-F70A-5378B1FEAFA6">
<hideElementsInCurrentOnly>false</hideElementsInCurrentOnly>
<backgroundColor>-16777216</backgroundColor>
<lineWidth>1</lineWidth>
<sourceLabel class="oracle.dbtools.crest.model.design.Label">
<site>0</site>
<labelBounds x="450" y="506" width="55" height="30"/>
<noBackgroundColor>true</noBackgroundColor>
<noForegroundColor>true</noForegroundColor>
</sourceLabel>
<targetLabel class="oracle.dbtools.crest.model.design.Label">
<site>2</site>
<labelBounds x="556" y="511" width="18" height="30"/>
<noBackgroundColor>true</noBackgroundColor>
<noForegroundColor>true</noForegroundColor>
</targetLabel>
<points>
<point x="450" y="470"/>
<point x="556" y="547"/>
</points>
</Connector>
</connectors>
</Diagram>
